[2026-09-02 16:09:20] local.ERROR: SQLSTATE[42S22]: Column not found: 1054 Unknown column 'verification_status' in 'where clause' (Connection: mysql, Host: 127.0.0.1, Port: 3306, Database: merobiz, SQL: update `invoices` set `verification_status` = verified, `verified_by` = created_by, `verified_at` = COALESCE(finalized_at, created_at), `verification_note` = ? where `verification_status` = pending) {"exception":"[object] (Illuminate\\Database\\QueryException(code: 42S22): SQLSTATE[42S22]: Column not found: 1054 Unknown column 'verification_status' in 'where clause' (Connection: mysql, Host: 127.0.0.1, Port: 3306, Database: merobiz, SQL: update `invoices` set `verification_status` = verified, `verified_by` = created_by, `verified_at` = COALESCE(finalized_at, created_at), `verification_note` = ? where `verification_status` = pending) at D:/merobiz-os/merobiz-os/api/vendor/laravel/framework/src/Illuminate/Database/Connection.php:857)
[stacktrace]
#0 D:/merobiz-os/merobiz-os/api/vendor/laravel/framework/src/Illuminate/Database/Connection.php(813): Illuminate/Database/Connection->runQueryCallback('update `invoice...', Array, Object(Closure))
#1 D:/merobiz-os/merobiz-os/api/vendor/laravel/framework/src/Illuminate/Database/Connection.php(614): Illuminate/Database/Connection->run('update `invoice...', Array, Object(Closure))
#2 D:/merobiz-os/merobiz-os/api/vendor/laravel/framework/src/Illuminate/Database/Connection.php(566): Illuminate/Database/Connection->affectingStatement('update `invoice...', Array)
#3 D:/merobiz-os/merobiz-os/api/vendor/laravel/framework/src/Illuminate/Database/Query/Builder.php(4377): Illuminate/Database/Connection->update('update `invoice...', Array)
#4 D:/merobiz-os/merobiz-os/api/database/migrations/2026_09_02_000200_make_employee_sales_immediate.php(14): Illuminate/Database/Query/Builder->update(Object(Illuminate/Support/Collection))
#5 D:/merobiz-os/merobiz-os/api/vendor/laravel/framework/src/Illuminate/Database/Migrations/Migrator.php(517): Illuminate/Database/Migrations/Migration@anonymous->up()
#6 D:/merobiz-os/merobiz-os/api/vendor/laravel/framework/src/Illuminate/Database/Migrations/Migrator.php(442): Illuminate/Database/Migrations/Migrator->runMethod(Object(Illuminate/Database/MySqlConnection), Object(Illuminate/Database/Migrations/Migration@anonymous), 'up')
#7 D:/merobiz-os/merobiz-os/api/vendor/laravel/framework/src/Illuminate/Database/Migrations/Migrator.php(451): Illuminate/Database/Migrations/Migrator->Illuminate/Database/Migrations/{closure}()
#8 D:/merobiz-os/merobiz-os/api/vendor/laravel/framework/src/Illuminate/Database/Migrations/Migrator.php(253): Illuminate/Database/Migrations/Migrator->runMigration(Object(Illuminate/Database/Migrations/Migration@anonymous), 'up', '2026_09_02_0002...')
#9 D:/merobiz-os/merobiz-os/api/vendor/laravel/framework/src/Illuminate/Console/View/Components/Task.php(43): Illuminate/Database/Migrations/Migrator->Illuminate/Database/Migrations/{closure}()
#10 D:/merobiz-os/merobiz-os/api/vendor/laravel/framework/src/Illuminate/Database/Migrations/Migrator.php(853): Illuminate/Console/View/Components/Task->render('2026_09_02_0002...', Object(Closure))
#11 D:/merobiz-os/merobiz-os/api/vendor/laravel/framework/src/Illuminate/Database/Migrations/Migrator.php(253): Illuminate/Database/Migrations/Migrator->write('Illuminate//Cons...', '2026_09_02_0002...', Object(Closure))
#12 D:/merobiz-os/merobiz-os/api/vendor/laravel/framework/src/Illuminate/Database/Migrations/Migrator.php(211): Illuminate/Database/Migrations/Migrator->runUp('D://merobiz-os//m...', 2, false)
#13 D:/merobiz-os/merobiz-os/api/vendor/laravel/framework/src/Illuminate/Database/Migrations/Migrator.php(138): Illuminate/Database/Migrations/Migrator->runPending(Array, Array)
#14 D:/merobiz-os/merobiz-os/api/vendor/laravel/framework/src/Illuminate/Database/Console/Migrations/MigrateCommand.php(118): Illuminate/Database/Migrations/Migrator->run(Array, Array)
#15 D:/merobiz-os/merobiz-os/api/vendor/laravel/framework/src/Illuminate/Database/Migrations/Migrator.php(672): Illuminate/Database/Console/Migrations/MigrateCommand->Illuminate/Database/Console/Migrations/{closure}()
#16 D:/merobiz-os/merobiz-os/api/vendor/laravel/framework/src/Illuminate/Database/Console/Migrations/MigrateCommand.php(111): Illuminate/Database/Migrations/Migrator->usingConnection(NULL, Object(Closure))
#17 D:/merobiz-os/merobiz-os/api/vendor/laravel/framework/src/Illuminate/Database/Console/Migrations/MigrateCommand.php(90): Illuminate/Database/Console/Migrations/MigrateCommand->runMigrations()
#18 D:/merobiz-os/merobiz-os/api/vendor/laravel/framework/src/Illuminate/Container/BoundMethod.php(36): Illuminate/Database/Console/Migrations/MigrateCommand->handle()
#19 D:/merobiz-os/merobiz-os/api/vendor/laravel/framework/src/Illuminate/Container/Util.php(43): Illuminate/Container/BoundMethod::Illuminate/Container/{closure}()
#20 D:/merobiz-os/merobiz-os/api/vendor/laravel/framework/src/Illuminate/Container/BoundMethod.php(96): Illuminate/Container/Util::unwrapIfClosure(Object(Closure))
#21 D:/merobiz-os/merobiz-os/api/vendor/laravel/framework/src/Illuminate/Container/BoundMethod.php(35): Illuminate/Container/BoundMethod::callBoundMethod(Object(Illuminate/Foundation/Application), Array, Object(Closure))
#22 D:/merobiz-os/merobiz-os/api/vendor/laravel/framework/src/Illuminate/Container/Container.php(803): Illuminate/Container/BoundMethod::call(Object(Illuminate/Foundation/Application), Array, Array, NULL)
#23 D:/merobiz-os/merobiz-os/api/vendor/laravel/framework/src/Illuminate/Console/Command.php(292): Illuminate/Container/Container->call(Array)
#24 D:/merobiz-os/merobiz-os/api/vendor/symfony/console/Command/Command.php(341): Illuminate/Console/Command->execute(Object(Symfony/Component/Console/Input/ArgvInput), Object(Illuminate/Console/OutputStyle))
#25 D:/merobiz-os/merobiz-os/api/vendor/laravel/framework/src/Illuminate/Console/Command.php(261): Symfony/Component/Console/Command/Command->run(Object(Symfony/Component/Console/Input/ArgvInput), Object(Illuminate/Console/OutputStyle))
#26 D:/merobiz-os/merobiz-os/api/vendor/symfony/console/Application.php(1117): Illuminate/Console/Command->run(Object(Symfony/Component/Console/Input/ArgvInput), Object(Symfony/Component/Console/Output/ConsoleOutput))
#27 D:/merobiz-os/merobiz-os/api/vendor/symfony/console/Application.php(356): Symfony/Component/Console/Application->doRunCommand(Object(Illuminate/Database/Console/Migrations/MigrateCommand), Object(Symfony/Component/Console/Input/ArgvInput), Object(Symfony/Component/Console/Output/ConsoleOutput))
#28 D:/merobiz-os/merobiz-os/api/vendor/symfony/console/Application.php(195): Symfony/Component/Console/Application->doRun(Object(Symfony/Component/Console/Input/ArgvInput), Object(Symfony/Component/Console/Output/ConsoleOutput))
#29 D:/merobiz-os/merobiz-os/api/vendor/laravel/framework/src/Illuminate/Foundation/Console/Kernel.php(198): Symfony/Component/Console/Application->run(Object(Symfony/Component/Console/Input/ArgvInput), Object(Symfony/Component/Console/Output/ConsoleOutput))
#30 D:/merobiz-os/merobiz-os/api/vendor/laravel/framework/src/Illuminate/Foundation/Application.php(1242): Illuminate/Foundation/Console/Kernel->handle(Object(Symfony/Component/Console/Input/ArgvInput), Object(Symfony/Component/Console/Output/ConsoleOutput))
#31 D:/merobiz-os/merobiz-os/api/artisan(14): Illuminate/Foundation/Application->handleCommand(Object(Symfony/Component/Console/Input/ArgvInput))
#32 {main}

[previous exception] [object] (PDOException(code: 42S22): SQLSTATE[42S22]: Column not found: 1054 Unknown column 'verification_status' in 'where clause' at D:/merobiz-os/merobiz-os/api/vendor/laravel/framework/src/Illuminate/Database/Connection.php:622)
[stacktrace]
#0 D:/merobiz-os/merobiz-os/api/vendor/laravel/framework/src/Illuminate/Database/Connection.php(622): PDO->prepare('update `invoice...')
#1 D:/merobiz-os/merobiz-os/api/vendor/laravel/framework/src/Illuminate/Database/Connection.php(846): Illuminate/Database/Connection->Illuminate/Database/{closure}('update `invoice...', Array)
#2 D:/merobiz-os/merobiz-os/api/vendor/laravel/framework/src/Illuminate/Database/Connection.php(813): Illuminate/Database/Connection->runQueryCallback('update `invoice...', Array, Object(Closure))
#3 D:/merobiz-os/merobiz-os/api/vendor/laravel/framework/src/Illuminate/Database/Connection.php(614): Illuminate/Database/Connection->run('update `invoice...', Array, Object(Closure))
#4 D:/merobiz-os/merobiz-os/api/vendor/laravel/framework/src/Illuminate/Database/Connection.php(566): Illuminate/Database/Connection->affectingStatement('update `invoice...', Array)
#5 D:/merobiz-os/merobiz-os/api/vendor/laravel/framework/src/Illuminate/Database/Query/Builder.php(4377): Illuminate/Database/Connection->update('update `invoice...', Array)
#6 D:/merobiz-os/merobiz-os/api/database/migrations/2026_09_02_000200_make_employee_sales_immediate.php(14): Illuminate/Database/Query/Builder->update(Object(Illuminate/Support/Collection))
#7 D:/merobiz-os/merobiz-os/api/vendor/laravel/framework/src/Illuminate/Database/Migrations/Migrator.php(517): Illuminate/Database/Migrations/Migration@anonymous->up()
#8 D:/merobiz-os/merobiz-os/api/vendor/laravel/framework/src/Illuminate/Database/Migrations/Migrator.php(442): Illuminate/Database/Migrations/Migrator->runMethod(Object(Illuminate/Database/MySqlConnection), Object(Illuminate/Database/Migrations/Migration@anonymous), 'up')
#9 D:/merobiz-os/merobiz-os/api/vendor/laravel/framework/src/Illuminate/Database/Migrations/Migrator.php(451): Illuminate/Database/Migrations/Migrator->Illuminate/Database/Migrations/{closure}()
#10 D:/merobiz-os/merobiz-os/api/vendor/laravel/framework/src/Illuminate/Database/Migrations/Migrator.php(253): Illuminate/Database/Migrations/Migrator->runMigration(Object(Illuminate/Database/Migrations/Migration@anonymous), 'up', '2026_09_02_0002...')
#11 D:/merobiz-os/merobiz-os/api/vendor/laravel/framework/src/Illuminate/Console/View/Components/Task.php(43): Illuminate/Database/Migrations/Migrator->Illuminate/Database/Migrations/{closure}()
#12 D:/merobiz-os/merobiz-os/api/vendor/laravel/framework/src/Illuminate/Database/Migrations/Migrator.php(853): Illuminate/Console/View/Components/Task->render('2026_09_02_0002...', Object(Closure))
#13 D:/merobiz-os/merobiz-os/api/vendor/laravel/framework/src/Illuminate/Database/Migrations/Migrator.php(253): Illuminate/Database/Migrations/Migrator->write('Illuminate//Cons...', '2026_09_02_0002...', Object(Closure))
#14 D:/merobiz-os/merobiz-os/api/vendor/laravel/framework/src/Illuminate/Database/Migrations/Migrator.php(211): Illuminate/Database/Migrations/Migrator->runUp('D://merobiz-os//m...', 2, false)
#15 D:/merobiz-os/merobiz-os/api/vendor/laravel/framework/src/Illuminate/Database/Migrations/Migrator.php(138): Illuminate/Database/Migrations/Migrator->runPending(Array, Array)
#16 D:/merobiz-os/merobiz-os/api/vendor/laravel/framework/src/Illuminate/Database/Console/Migrations/MigrateCommand.php(118): Illuminate/Database/Migrations/Migrator->run(Array, Array)
#17 D:/merobiz-os/merobiz-os/api/vendor/laravel/framework/src/Illuminate/Database/Migrations/Migrator.php(672): Illuminate/Database/Console/Migrations/MigrateCommand->Illuminate/Database/Console/Migrations/{closure}()
#18 D:/merobiz-os/merobiz-os/api/vendor/laravel/framework/src/Illuminate/Database/Console/Migrations/MigrateCommand.php(111): Illuminate/Database/Migrations/Migrator->usingConnection(NULL, Object(Closure))
#19 D:/merobiz-os/merobiz-os/api/vendor/laravel/framework/src/Illuminate/Database/Console/Migrations/MigrateCommand.php(90): Illuminate/Database/Console/Migrations/MigrateCommand->runMigrations()
#20 D:/merobiz-os/merobiz-os/api/vendor/laravel/framework/src/Illuminate/Container/BoundMethod.php(36): Illuminate/Database/Console/Migrations/MigrateCommand->handle()
#21 D:/merobiz-os/merobiz-os/api/vendor/laravel/framework/src/Illuminate/Container/Util.php(43): Illuminate/Container/BoundMethod::Illuminate/Container/{closure}()
#22 D:/merobiz-os/merobiz-os/api/vendor/laravel/framework/src/Illuminate/Container/BoundMethod.php(96): Illuminate/Container/Util::unwrapIfClosure(Object(Closure))
#23 D:/merobiz-os/merobiz-os/api/vendor/laravel/framework/src/Illuminate/Container/BoundMethod.php(35): Illuminate/Container/BoundMethod::callBoundMethod(Object(Illuminate/Foundation/Application), Array, Object(Closure))
#24 D:/merobiz-os/merobiz-os/api/vendor/laravel/framework/src/Illuminate/Container/Container.php(803): Illuminate/Container/BoundMethod::call(Object(Illuminate/Foundation/Application), Array, Array, NULL)
#25 D:/merobiz-os/merobiz-os/api/vendor/laravel/framework/src/Illuminate/Console/Command.php(292): Illuminate/Container/Container->call(Array)
#26 D:/merobiz-os/merobiz-os/api/vendor/symfony/console/Command/Command.php(341): Illuminate/Console/Command->execute(Object(Symfony/Component/Console/Input/ArgvInput), Object(Illuminate/Console/OutputStyle))
#27 D:/merobiz-os/merobiz-os/api/vendor/laravel/framework/src/Illuminate/Console/Command.php(261): Symfony/Component/Console/Command/Command->run(Object(Symfony/Component/Console/Input/ArgvInput), Object(Illuminate/Console/OutputStyle))
#28 D:/merobiz-os/merobiz-os/api/vendor/symfony/console/Application.php(1117): Illuminate/Console/Command->run(Object(Symfony/Component/Console/Input/ArgvInput), Object(Symfony/Component/Console/Output/ConsoleOutput))
#29 D:/merobiz-os/merobiz-os/api/vendor/symfony/console/Application.php(356): Symfony/Component/Console/Application->doRunCommand(Object(Illuminate/Database/Console/Migrations/MigrateCommand), Object(Symfony/Component/Console/Input/ArgvInput), Object(Symfony/Component/Console/Output/ConsoleOutput))
#30 D:/merobiz-os/merobiz-os/api/vendor/symfony/console/Application.php(195): Symfony/Component/Console/Application->doRun(Object(Symfony/Component/Console/Input/ArgvInput), Object(Symfony/Component/Console/Output/ConsoleOutput))
#31 D:/merobiz-os/merobiz-os/api/vendor/laravel/framework/src/Illuminate/Foundation/Console/Kernel.php(198): Symfony/Component/Console/Application->run(Object(Symfony/Component/Console/Input/ArgvInput), Object(Symfony/Component/Console/Output/ConsoleOutput))
#32 D:/merobiz-os/merobiz-os/api/vendor/laravel/framework/src/Illuminate/Foundation/Application.php(1242): Illuminate/Foundation/Console/Kernel->handle(Object(Symfony/Component/Console/Input/ArgvInput), Object(Symfony/Component/Console/Output/ConsoleOutput))
#33 D:/merobiz-os/merobiz-os/api/artisan(14): Illuminate/Foundation/Application->handleCommand(Object(Symfony/Component/Console/Input/ArgvInput))
#34 {main}
"} 
[2026-09-02 16:09:39] local.ERROR: The "--froce" option does not exist. {"exception":"[object] (Symfony\\Component\\Console\\Exception\\RuntimeException(code: 0): The \"--froce\" option does not exist. at D:/merobiz-os/merobiz-os/api/vendor/symfony/console/Input/ArgvInput.php:226)
[stacktrace]
#0 D:/merobiz-os/merobiz-os/api/vendor/symfony/console/Input/ArgvInput.php(155): Symfony/Component/Console/Input/ArgvInput->addLongOption('froce', NULL)
#1 D:/merobiz-os/merobiz-os/api/vendor/symfony/console/Input/ArgvInput.php(88): Symfony/Component/Console/Input/ArgvInput->parseLongOption('--froce')
#2 D:/merobiz-os/merobiz-os/api/vendor/symfony/console/Input/ArgvInput.php(77): Symfony/Component/Console/Input/ArgvInput->parseToken('--froce', true)
#3 D:/merobiz-os/merobiz-os/api/vendor/symfony/console/Input/Input.php(53): Symfony/Component/Console/Input/ArgvInput->parse()
#4 D:/merobiz-os/merobiz-os/api/vendor/symfony/console/Command/Command.php(295): Symfony/Component/Console/Input/Input->bind(Object(Symfony/Component/Console/Input/InputDefinition))
#5 D:/merobiz-os/merobiz-os/api/vendor/laravel/framework/src/Illuminate/Console/Command.php(261): Symfony/Component/Console/Command/Command->run(Object(Symfony/Component/Console/Input/ArgvInput), Object(Illuminate/Console/OutputStyle))
#6 D:/merobiz-os/merobiz-os/api/vendor/symfony/console/Application.php(1117): Illuminate/Console/Command->run(Object(Symfony/Component/Console/Input/ArgvInput), Object(Symfony/Component/Console/Output/ConsoleOutput))
#7 D:/merobiz-os/merobiz-os/api/vendor/symfony/console/Application.php(356): Symfony/Component/Console/Application->doRunCommand(Object(Illuminate/Database/Console/Migrations/MigrateCommand), Object(Symfony/Component/Console/Input/ArgvInput), Object(Symfony/Component/Console/Output/ConsoleOutput))
#8 D:/merobiz-os/merobiz-os/api/vendor/symfony/console/Application.php(195): Symfony/Component/Console/Application->doRun(Object(Symfony/Component/Console/Input/ArgvInput), Object(Symfony/Component/Console/Output/ConsoleOutput))
#9 D:/merobiz-os/merobiz-os/api/vendor/laravel/framework/src/Illuminate/Foundation/Console/Kernel.php(198): Symfony/Component/Console/Application->run(Object(Symfony/Component/Console/Input/ArgvInput), Object(Symfony/Component/Console/Output/ConsoleOutput))
#10 D:/merobiz-os/merobiz-os/api/vendor/laravel/framework/src/Illuminate/Foundation/Application.php(1242): Illuminate/Foundation/Console/Kernel->handle(Object(Symfony/Component/Console/Input/ArgvInput), Object(Symfony/Component/Console/Output/ConsoleOutput))
#11 D:/merobiz-os/merobiz-os/api/artisan(14): Illuminate/Foundation/Application->handleCommand(Object(Symfony/Component/Console/Input/ArgvInput))
#12 {main}
"} 
[2026-09-02 16:09:48] local.ERROR: SQLSTATE[42S22]: Column not found: 1054 Unknown column 'verification_status' in 'where clause' (Connection: mysql, Host: 127.0.0.1, Port: 3306, Database: merobiz, SQL: update `invoices` set `verification_status` = verified, `verified_by` = created_by, `verified_at` = COALESCE(finalized_at, created_at), `verification_note` = ? where `verification_status` = pending) {"exception":"[object] (Illuminate\\Database\\QueryException(code: 42S22): SQLSTATE[42S22]: Column not found: 1054 Unknown column 'verification_status' in 'where clause' (Connection: mysql, Host: 127.0.0.1, Port: 3306, Database: merobiz, SQL: update `invoices` set `verification_status` = verified, `verified_by` = created_by, `verified_at` = COALESCE(finalized_at, created_at), `verification_note` = ? where `verification_status` = pending) at D:/merobiz-os/merobiz-os/api/vendor/laravel/framework/src/Illuminate/Database/Connection.php:857)
[stacktrace]
#0 D:/merobiz-os/merobiz-os/api/vendor/laravel/framework/src/Illuminate/Database/Connection.php(813): Illuminate/Database/Connection->runQueryCallback('update `invoice...', Array, Object(Closure))
#1 D:/merobiz-os/merobiz-os/api/vendor/laravel/framework/src/Illuminate/Database/Connection.php(614): Illuminate/Database/Connection->run('update `invoice...', Array, Object(Closure))
#2 D:/merobiz-os/merobiz-os/api/vendor/laravel/framework/src/Illuminate/Database/Connection.php(566): Illuminate/Database/Connection->affectingStatement('update `invoice...', Array)
#3 D:/merobiz-os/merobiz-os/api/vendor/laravel/framework/src/Illuminate/Database/Query/Builder.php(4377): Illuminate/Database/Connection->update('update `invoice...', Array)
#4 D:/merobiz-os/merobiz-os/api/database/migrations/2026_09_02_000200_make_employee_sales_immediate.php(14): Illuminate/Database/Query/Builder->update(Object(Illuminate/Support/Collection))
#5 D:/merobiz-os/merobiz-os/api/vendor/laravel/framework/src/Illuminate/Database/Migrations/Migrator.php(517): Illuminate/Database/Migrations/Migration@anonymous->up()
#6 D:/merobiz-os/merobiz-os/api/vendor/laravel/framework/src/Illuminate/Database/Migrations/Migrator.php(442): Illuminate/Database/Migrations/Migrator->runMethod(Object(Illuminate/Database/MySqlConnection), Object(Illuminate/Database/Migrations/Migration@anonymous), 'up')
#7 D:/merobiz-os/merobiz-os/api/vendor/laravel/framework/src/Illuminate/Database/Migrations/Migrator.php(451): Illuminate/Database/Migrations/Migrator->Illuminate/Database/Migrations/{closure}()
#8 D:/merobiz-os/merobiz-os/api/vendor/laravel/framework/src/Illuminate/Database/Migrations/Migrator.php(253): Illuminate/Database/Migrations/Migrator->runMigration(Object(Illuminate/Database/Migrations/Migration@anonymous), 'up', '2026_09_02_0002...')
#9 D:/merobiz-os/merobiz-os/api/vendor/laravel/framework/src/Illuminate/Console/View/Components/Task.php(43): Illuminate/Database/Migrations/Migrator->Illuminate/Database/Migrations/{closure}()
#10 D:/merobiz-os/merobiz-os/api/vendor/laravel/framework/src/Illuminate/Database/Migrations/Migrator.php(853): Illuminate/Console/View/Components/Task->render('2026_09_02_0002...', Object(Closure))
#11 D:/merobiz-os/merobiz-os/api/vendor/laravel/framework/src/Illuminate/Database/Migrations/Migrator.php(253): Illuminate/Database/Migrations/Migrator->write('Illuminate//Cons...', '2026_09_02_0002...', Object(Closure))
#12 D:/merobiz-os/merobiz-os/api/vendor/laravel/framework/src/Illuminate/Database/Migrations/Migrator.php(211): Illuminate/Database/Migrations/Migrator->runUp('D://merobiz-os//m...', 2, false)
#13 D:/merobiz-os/merobiz-os/api/vendor/laravel/framework/src/Illuminate/Database/Migrations/Migrator.php(138): Illuminate/Database/Migrations/Migrator->runPending(Array, Array)
#14 D:/merobiz-os/merobiz-os/api/vendor/laravel/framework/src/Illuminate/Database/Console/Migrations/MigrateCommand.php(118): Illuminate/Database/Migrations/Migrator->run(Array, Array)
#15 D:/merobiz-os/merobiz-os/api/vendor/laravel/framework/src/Illuminate/Database/Migrations/Migrator.php(672): Illuminate/Database/Console/Migrations/MigrateCommand->Illuminate/Database/Console/Migrations/{closure}()
#16 D:/merobiz-os/merobiz-os/api/vendor/laravel/framework/src/Illuminate/Database/Console/Migrations/MigrateCommand.php(111): Illuminate/Database/Migrations/Migrator->usingConnection(NULL, Object(Closure))
#17 D:/merobiz-os/merobiz-os/api/vendor/laravel/framework/src/Illuminate/Database/Console/Migrations/MigrateCommand.php(90): Illuminate/Database/Console/Migrations/MigrateCommand->runMigrations()
#18 D:/merobiz-os/merobiz-os/api/vendor/laravel/framework/src/Illuminate/Container/BoundMethod.php(36): Illuminate/Database/Console/Migrations/MigrateCommand->handle()
#19 D:/merobiz-os/merobiz-os/api/vendor/laravel/framework/src/Illuminate/Container/Util.php(43): Illuminate/Container/BoundMethod::Illuminate/Container/{closure}()
#20 D:/merobiz-os/merobiz-os/api/vendor/laravel/framework/src/Illuminate/Container/BoundMethod.php(96): Illuminate/Container/Util::unwrapIfClosure(Object(Closure))
#21 D:/merobiz-os/merobiz-os/api/vendor/laravel/framework/src/Illuminate/Container/BoundMethod.php(35): Illuminate/Container/BoundMethod::callBoundMethod(Object(Illuminate/Foundation/Application), Array, Object(Closure))
#22 D:/merobiz-os/merobiz-os/api/vendor/laravel/framework/src/Illuminate/Container/Container.php(803): Illuminate/Container/BoundMethod::call(Object(Illuminate/Foundation/Application), Array, Array, NULL)
#23 D:/merobiz-os/merobiz-os/api/vendor/laravel/framework/src/Illuminate/Console/Command.php(292): Illuminate/Container/Container->call(Array)
#24 D:/merobiz-os/merobiz-os/api/vendor/symfony/console/Command/Command.php(341): Illuminate/Console/Command->execute(Object(Symfony/Component/Console/Input/ArgvInput), Object(Illuminate/Console/OutputStyle))
#25 D:/merobiz-os/merobiz-os/api/vendor/laravel/framework/src/Illuminate/Console/Command.php(261): Symfony/Component/Console/Command/Command->run(Object(Symfony/Component/Console/Input/ArgvInput), Object(Illuminate/Console/OutputStyle))
#26 D:/merobiz-os/merobiz-os/api/vendor/symfony/console/Application.php(1117): Illuminate/Console/Command->run(Object(Symfony/Component/Console/Input/ArgvInput), Object(Symfony/Component/Console/Output/ConsoleOutput))
#27 D:/merobiz-os/merobiz-os/api/vendor/symfony/console/Application.php(356): Symfony/Component/Console/Application->doRunCommand(Object(Illuminate/Database/Console/Migrations/MigrateCommand), Object(Symfony/Component/Console/Input/ArgvInput), Object(Symfony/Component/Console/Output/ConsoleOutput))
#28 D:/merobiz-os/merobiz-os/api/vendor/symfony/console/Application.php(195): Symfony/Component/Console/Application->doRun(Object(Symfony/Component/Console/Input/ArgvInput), Object(Symfony/Component/Console/Output/ConsoleOutput))
#29 D:/merobiz-os/merobiz-os/api/vendor/laravel/framework/src/Illuminate/Foundation/Console/Kernel.php(198): Symfony/Component/Console/Application->run(Object(Symfony/Component/Console/Input/ArgvInput), Object(Symfony/Component/Console/Output/ConsoleOutput))
#30 D:/merobiz-os/merobiz-os/api/vendor/laravel/framework/src/Illuminate/Foundation/Application.php(1242): Illuminate/Foundation/Console/Kernel->handle(Object(Symfony/Component/Console/Input/ArgvInput), Object(Symfony/Component/Console/Output/ConsoleOutput))
#31 D:/merobiz-os/merobiz-os/api/artisan(14): Illuminate/Foundation/Application->handleCommand(Object(Symfony/Component/Console/Input/ArgvInput))
#32 {main}

[previous exception] [object] (PDOException(code: 42S22): SQLSTATE[42S22]: Column not found: 1054 Unknown column 'verification_status' in 'where clause' at D:/merobiz-os/merobiz-os/api/vendor/laravel/framework/src/Illuminate/Database/Connection.php:622)
[stacktrace]
#0 D:/merobiz-os/merobiz-os/api/vendor/laravel/framework/src/Illuminate/Database/Connection.php(622): PDO->prepare('update `invoice...')
#1 D:/merobiz-os/merobiz-os/api/vendor/laravel/framework/src/Illuminate/Database/Connection.php(846): Illuminate/Database/Connection->Illuminate/Database/{closure}('update `invoice...', Array)
#2 D:/merobiz-os/merobiz-os/api/vendor/laravel/framework/src/Illuminate/Database/Connection.php(813): Illuminate/Database/Connection->runQueryCallback('update `invoice...', Array, Object(Closure))
#3 D:/merobiz-os/merobiz-os/api/vendor/laravel/framework/src/Illuminate/Database/Connection.php(614): Illuminate/Database/Connection->run('update `invoice...', Array, Object(Closure))
#4 D:/merobiz-os/merobiz-os/api/vendor/laravel/framework/src/Illuminate/Database/Connection.php(566): Illuminate/Database/Connection->affectingStatement('update `invoice...', Array)
#5 D:/merobiz-os/merobiz-os/api/vendor/laravel/framework/src/Illuminate/Database/Query/Builder.php(4377): Illuminate/Database/Connection->update('update `invoice...', Array)
#6 D:/merobiz-os/merobiz-os/api/database/migrations/2026_09_02_000200_make_employee_sales_immediate.php(14): Illuminate/Database/Query/Builder->update(Object(Illuminate/Support/Collection))
#7 D:/merobiz-os/merobiz-os/api/vendor/laravel/framework/src/Illuminate/Database/Migrations/Migrator.php(517): Illuminate/Database/Migrations/Migration@anonymous->up()
#8 D:/merobiz-os/merobiz-os/api/vendor/laravel/framework/src/Illuminate/Database/Migrations/Migrator.php(442): Illuminate/Database/Migrations/Migrator->runMethod(Object(Illuminate/Database/MySqlConnection), Object(Illuminate/Database/Migrations/Migration@anonymous), 'up')
#9 D:/merobiz-os/merobiz-os/api/vendor/laravel/framework/src/Illuminate/Database/Migrations/Migrator.php(451): Illuminate/Database/Migrations/Migrator->Illuminate/Database/Migrations/{closure}()
#10 D:/merobiz-os/merobiz-os/api/vendor/laravel/framework/src/Illuminate/Database/Migrations/Migrator.php(253): Illuminate/Database/Migrations/Migrator->runMigration(Object(Illuminate/Database/Migrations/Migration@anonymous), 'up', '2026_09_02_0002...')
#11 D:/merobiz-os/merobiz-os/api/vendor/laravel/framework/src/Illuminate/Console/View/Components/Task.php(43): Illuminate/Database/Migrations/Migrator->Illuminate/Database/Migrations/{closure}()
#12 D:/merobiz-os/merobiz-os/api/vendor/laravel/framework/src/Illuminate/Database/Migrations/Migrator.php(853): Illuminate/Console/View/Components/Task->render('2026_09_02_0002...', Object(Closure))
#13 D:/merobiz-os/merobiz-os/api/vendor/laravel/framework/src/Illuminate/Database/Migrations/Migrator.php(253): Illuminate/Database/Migrations/Migrator->write('Illuminate//Cons...', '2026_09_02_0002...', Object(Closure))
#14 D:/merobiz-os/merobiz-os/api/vendor/laravel/framework/src/Illuminate/Database/Migrations/Migrator.php(211): Illuminate/Database/Migrations/Migrator->runUp('D://merobiz-os//m...', 2, false)
#15 D:/merobiz-os/merobiz-os/api/vendor/laravel/framework/src/Illuminate/Database/Migrations/Migrator.php(138): Illuminate/Database/Migrations/Migrator->runPending(Array, Array)
#16 D:/merobiz-os/merobiz-os/api/vendor/laravel/framework/src/Illuminate/Database/Console/Migrations/MigrateCommand.php(118): Illuminate/Database/Migrations/Migrator->run(Array, Array)
#17 D:/merobiz-os/merobiz-os/api/vendor/laravel/framework/src/Illuminate/Database/Migrations/Migrator.php(672): Illuminate/Database/Console/Migrations/MigrateCommand->Illuminate/Database/Console/Migrations/{closure}()
#18 D:/merobiz-os/merobiz-os/api/vendor/laravel/framework/src/Illuminate/Database/Console/Migrations/MigrateCommand.php(111): Illuminate/Database/Migrations/Migrator->usingConnection(NULL, Object(Closure))
#19 D:/merobiz-os/merobiz-os/api/vendor/laravel/framework/src/Illuminate/Database/Console/Migrations/MigrateCommand.php(90): Illuminate/Database/Console/Migrations/MigrateCommand->runMigrations()
#20 D:/merobiz-os/merobiz-os/api/vendor/laravel/framework/src/Illuminate/Container/BoundMethod.php(36): Illuminate/Database/Console/Migrations/MigrateCommand->handle()
#21 D:/merobiz-os/merobiz-os/api/vendor/laravel/framework/src/Illuminate/Container/Util.php(43): Illuminate/Container/BoundMethod::Illuminate/Container/{closure}()
#22 D:/merobiz-os/merobiz-os/api/vendor/laravel/framework/src/Illuminate/Container/BoundMethod.php(96): Illuminate/Container/Util::unwrapIfClosure(Object(Closure))
#23 D:/merobiz-os/merobiz-os/api/vendor/laravel/framework/src/Illuminate/Container/BoundMethod.php(35): Illuminate/Container/BoundMethod::callBoundMethod(Object(Illuminate/Foundation/Application), Array, Object(Closure))
#24 D:/merobiz-os/merobiz-os/api/vendor/laravel/framework/src/Illuminate/Container/Container.php(803): Illuminate/Container/BoundMethod::call(Object(Illuminate/Foundation/Application), Array, Array, NULL)
#25 D:/merobiz-os/merobiz-os/api/vendor/laravel/framework/src/Illuminate/Console/Command.php(292): Illuminate/Container/Container->call(Array)
#26 D:/merobiz-os/merobiz-os/api/vendor/symfony/console/Command/Command.php(341): Illuminate/Console/Command->execute(Object(Symfony/Component/Console/Input/ArgvInput), Object(Illuminate/Console/OutputStyle))
#27 D:/merobiz-os/merobiz-os/api/vendor/laravel/framework/src/Illuminate/Console/Command.php(261): Symfony/Component/Console/Command/Command->run(Object(Symfony/Component/Console/Input/ArgvInput), Object(Illuminate/Console/OutputStyle))
#28 D:/merobiz-os/merobiz-os/api/vendor/symfony/console/Application.php(1117): Illuminate/Console/Command->run(Object(Symfony/Component/Console/Input/ArgvInput), Object(Symfony/Component/Console/Output/ConsoleOutput))
#29 D:/merobiz-os/merobiz-os/api/vendor/symfony/console/Application.php(356): Symfony/Component/Console/Application->doRunCommand(Object(Illuminate/Database/Console/Migrations/MigrateCommand), Object(Symfony/Component/Console/Input/ArgvInput), Object(Symfony/Component/Console/Output/ConsoleOutput))
#30 D:/merobiz-os/merobiz-os/api/vendor/symfony/console/Application.php(195): Symfony/Component/Console/Application->doRun(Object(Symfony/Component/Console/Input/ArgvInput), Object(Symfony/Component/Console/Output/ConsoleOutput))
#31 D:/merobiz-os/merobiz-os/api/vendor/laravel/framework/src/Illuminate/Foundation/Console/Kernel.php(198): Symfony/Component/Console/Application->run(Object(Symfony/Component/Console/Input/ArgvInput), Object(Symfony/Component/Console/Output/ConsoleOutput))
#32 D:/merobiz-os/merobiz-os/api/vendor/laravel/framework/src/Illuminate/Foundation/Application.php(1242): Illuminate/Foundation/Console/Kernel->handle(Object(Symfony/Component/Console/Input/ArgvInput), Object(Symfony/Component/Console/Output/ConsoleOutput))
#33 D:/merobiz-os/merobiz-os/api/artisan(14): Illuminate/Foundation/Application->handleCommand(Object(Symfony/Component/Console/Input/ArgvInput))
#34 {main}
"} 
[2026-09-02 18:53:19] local.ERROR: Class "App\Enums\SaleVerificationStatus" not found {"userId":2,"exception":"[object] (Error(code: 0): Class \"App\\Enums\\SaleVerificationStatus\" not found at D:/merobiz-os/merobiz-os/api/app/Services/InvoiceService.php:98)
[stacktrace]
#0 D:/merobiz-os/merobiz-os/api/vendor/laravel/framework/src/Illuminate/Database/Concerns/ManagesTransactions.php(35): App/Services/InvoiceService->App/Services/{closure}(Object(Illuminate/Database/MySqlConnection))
#1 D:/merobiz-os/merobiz-os/api/vendor/laravel/framework/src/Illuminate/Database/DatabaseManager.php(502): Illuminate/Database/Connection->transaction(Object(Closure))
#2 D:/merobiz-os/merobiz-os/api/vendor/laravel/framework/src/Illuminate/Support/Facades/Facade.php(364): Illuminate/Database/DatabaseManager->__call('transaction', Array)
#3 D:/merobiz-os/merobiz-os/api/app/Services/InvoiceService.php(27): Illuminate/Support/Facades/Facade::__callStatic('transaction', Array)
#4 D:/merobiz-os/merobiz-os/api/app/Http/Controllers/InvoiceController.php(56): App/Services/InvoiceService->create(Object(App/Models/Business), Object(App/Models/User), Array)
#5 D:/merobiz-os/merobiz-os/api/vendor/laravel/framework/src/Illuminate/Routing/ControllerDispatcher.php(46): App/Http/Controllers/InvoiceController->store(Object(App/Http/Requests/StoreInvoiceRequest), Object(App/Models/Business))
#6 D:/merobiz-os/merobiz-os/api/vendor/laravel/framework/src/Illuminate/Routing/Route.php(276): Illuminate/Routing/ControllerDispatcher->dispatch(Object(Illuminate/Routing/Route), Object(App/Http/Controllers/InvoiceController), 'store')
#7 D:/merobiz-os/merobiz-os/api/vendor/laravel/framework/src/Illuminate/Routing/Route.php(216): Illuminate/Routing/Route->runController()
#8 D:/merobiz-os/merobiz-os/api/vendor/laravel/framework/src/Illuminate/Routing/Router.php(822): Illuminate/Routing/Route->run()
#9 D:/merobiz-os/merobiz-os/api/vendor/laravel/framework/src/Illuminate/Pipeline/Pipeline.php(180): Illuminate/Routing/Router->Illuminate/Routing/{closure}(Object(Illuminate/Http/Request))
#10 D:/merobiz-os/merobiz-os/api/app/Http/Middleware/EnsureBusinessAccess.php(51): Illuminate/Pipeline/Pipeline->Illuminate/Pipeline/{closure}(Object(Illuminate/Http/Request))
#11 D:/merobiz-os/merobiz-os/api/vendor/laravel/framework/src/Illuminate/Pipeline/Pipeline.php(219): App/Http/Middleware/EnsureBusinessAccess->handle(Object(Illuminate/Http/Request), Object(Closure))
#12 D:/merobiz-os/merobiz-os/api/vendor/laravel/framework/src/Illuminate/Routing/Middleware/SubstituteBindings.php(52): Illuminate/Pipeline/Pipeline->Illuminate/Pipeline/{closure}(Object(Illuminate/Http/Request))
#13 D:/merobiz-os/merobiz-os/api/vendor/laravel/framework/src/Illuminate/Pipeline/Pipeline.php(219): Illuminate/Routing/Middleware/SubstituteBindings->handle(Object(Illuminate/Http/Request), Object(Closure))
#14 D:/merobiz-os/merobiz-os/api/vendor/laravel/framework/src/Illuminate/Auth/Middleware/Authenticate.php(63): Illuminate/Pipeline/Pipeline->Illuminate/Pipeline/{closure}(Object(Illuminate/Http/Request))
#15 D:/merobiz-os/merobiz-os/api/vendor/laravel/framework/src/Illuminate/Pipeline/Pipeline.php(219): Illuminate/Auth/Middleware/Authenticate->handle(Object(Illuminate/Http/Request), Object(Closure), 'sanctum')
#16 D:/merobiz-os/merobiz-os/api/vendor/laravel/sanctum/src/Http/Middleware/EnsureFrontendRequestsAreStateful.php(26): Illuminate/Pipeline/Pipeline->Illuminate/Pipeline/{closure}(Object(Illuminate/Http/Request))
#17 D:/merobiz-os/merobiz-os/api/vendor/laravel/framework/src/Illuminate/Pipeline/Pipeline.php(180): Laravel/Sanctum/Http/Middleware/EnsureFrontendRequestsAreStateful->Laravel/Sanctum/Http/Middleware/{closure}(Object(Illuminate/Http/Request))
#18 D:/merobiz-os/merobiz-os/api/vendor/laravel/sanctum/src/Http/Middleware/AuthenticateSession.php(60): Illuminate/Pipeline/Pipeline->Illuminate/Pipeline/{closure}(Object(Illuminate/Http/Request))
#19 D:/merobiz-os/merobiz-os/api/vendor/laravel/framework/src/Illuminate/Pipeline/Pipeline.php(219): Laravel/Sanctum/Http/Middleware/AuthenticateSession->handle(Object(Illuminate/Http/Request), Object(Closure))
#20 D:/merobiz-os/merobiz-os/api/vendor/laravel/framework/src/Illuminate/Foundation/Http/Middleware/PreventRequestForgery.php(104): Illuminate/Pipeline/Pipeline->Illuminate/Pipeline/{closure}(Object(Illuminate/Http/Request))
#21 D:/merobiz-os/merobiz-os/api/vendor/laravel/framework/src/Illuminate/Pipeline/Pipeline.php(219): Illuminate/Foundation/Http/Middleware/PreventRequestForgery->handle(Object(Illuminate/Http/Request), Object(Closure))
#22 D:/merobiz-os/merobiz-os/api/vendor/laravel/framework/src/Illuminate/Session/Middleware/StartSession.php(120): Illuminate/Pipeline/Pipeline->Illuminate/Pipeline/{closure}(Object(Illuminate/Http/Request))
#23 D:/merobiz-os/merobiz-os/api/vendor/laravel/framework/src/Illuminate/Session/Middleware/StartSession.php(63): Illuminate/Session/Middleware/StartSession->handleStatefulRequest(Object(Illuminate/Http/Request), Object(Illuminate/Session/Store), Object(Closure))
#24 D:/merobiz-os/merobiz-os/api/vendor/laravel/framework/src/Illuminate/Pipeline/Pipeline.php(219): Illuminate/Session/Middleware/StartSession->handle(Object(Illuminate/Http/Request), Object(Closure))
#25 D:/merobiz-os/merobiz-os/api/vendor/laravel/framework/src/Illuminate/Cookie/Middleware/AddQueuedCookiesToResponse.php(36): Illuminate/Pipeline/Pipeline->Illuminate/Pipeline/{closure}(Object(Illuminate/Http/Request))
#26 D:/merobiz-os/merobiz-os/api/vendor/laravel/framework/src/Illuminate/Pipeline/Pipeline.php(219): Illuminate/Cookie/Middleware/AddQueuedCookiesToResponse->handle(Object(Illuminate/Http/Request), Object(Closure))
#27 D:/merobiz-os/merobiz-os/api/vendor/laravel/framework/src/Illuminate/Cookie/Middleware/EncryptCookies.php(74): Illuminate/Pipeline/Pipeline->Illuminate/Pipeline/{closure}(Object(Illuminate/Http/Request))
#28 D:/merobiz-os/merobiz-os/api/vendor/laravel/framework/src/Illuminate/Pipeline/Pipeline.php(219): Illuminate/Cookie/Middleware/EncryptCookies->handle(Object(Illuminate/Http/Request), Object(Closure))
#29 D:/merobiz-os/merobiz-os/api/vendor/laravel/sanctum/src/Http/Middleware/EnsureFrontendRequestsAreStateful.php(61): Illuminate/Pipeline/Pipeline->Illuminate/Pipeline/{closure}(Object(Illuminate/Http/Request))
#30 D:/merobiz-os/merobiz-os/api/vendor/laravel/framework/src/Illuminate/Pipeline/Pipeline.php(201): Laravel/Sanctum/Http/Middleware/EnsureFrontendRequestsAreStateful->Laravel/Sanctum/Http/Middleware/{closure}(Object(Illuminate/Http/Request), Object(Closure))
#31 D:/merobiz-os/merobiz-os/api/vendor/laravel/framework/src/Illuminate/Pipeline/Pipeline.php(137): Illuminate/Pipeline/Pipeline->Illuminate/Pipeline/{closure}(Object(Illuminate/Http/Request))
#32 D:/merobiz-os/merobiz-os/api/vendor/laravel/sanctum/src/Http/Middleware/EnsureFrontendRequestsAreStateful.php(25): Illuminate/Pipeline/Pipeline->then(Object(Closure))
#33 D:/merobiz-os/merobiz-os/api/vendor/laravel/framework/src/Illuminate/Pipeline/Pipeline.php(219): Laravel/Sanctum/Http/Middleware/EnsureFrontendRequestsAreStateful->handle(Object(Illuminate/Http/Request), Object(Closure))
#34 D:/merobiz-os/merobiz-os/api/vendor/laravel/framework/src/Illuminate/Pipeline/Pipeline.php(137): Illuminate/Pipeline/Pipeline->Illuminate/Pipeline/{closure}(Object(Illuminate/Http/Request))
#35 D:/merobiz-os/merobiz-os/api/vendor/laravel/framework/src/Illuminate/Routing/Router.php(821): Illuminate/Pipeline/Pipeline->then(Object(Closure))
#36 D:/merobiz-os/merobiz-os/api/vendor/laravel/framework/src/Illuminate/Routing/Router.php(800): Illuminate/Routing/Router->runRouteWithinStack(Object(Illuminate/Routing/Route), Object(Illuminate/Http/Request))
#37 D:/merobiz-os/merobiz-os/api/vendor/laravel/framework/src/Illuminate/Routing/Router.php(764): Illuminate/Routing/Router->runRoute(Object(Illuminate/Http/Request), Object(Illuminate/Routing/Route))
#38 D:/merobiz-os/merobiz-os/api/vendor/laravel/framework/src/Illuminate/Routing/Router.php(753): Illuminate/Routing/Router->dispatchToRoute(Object(Illuminate/Http/Request))
#39 D:/merobiz-os/merobiz-os/api/vendor/laravel/framework/src/Illuminate/Foundation/Http/Kernel.php(200): Illuminate/Routing/Router->dispatch(Object(Illuminate/Http/Request))
#40 D:/merobiz-os/merobiz-os/api/vendor/laravel/framework/src/Illuminate/Pipeline/Pipeline.php(180): Illuminate/Foundation/Http/Kernel->Illuminate/Foundation/Http/{closure}(Object(Illuminate/Http/Request))
#41 D:/merobiz-os/merobiz-os/api/vendor/laravel/framework/src/Illuminate/Foundation/Http/Middleware/TransformsRequest.php(21): Illuminate/Pipeline/Pipeline->Illuminate/Pipeline/{closure}(Object(Illuminate/Http/Request))
#42 D:/merobiz-os/merobiz-os/api/vendor/laravel/framework/src/Illuminate/Foundation/Http/Middleware/ConvertEmptyStringsToNull.php(31): Illuminate/Foundation/Http/Middleware/TransformsRequest->handle(Object(Illuminate/Http/Request), Object(Closure))
#43 D:/merobiz-os/merobiz-os/api/vendor/laravel/framework/src/Illuminate/Pipeline/Pipeline.php(219): Illuminate/Foundation/Http/Middleware/ConvertEmptyStringsToNull->handle(Object(Illuminate/Http/Request), Object(Closure))
#44 D:/merobiz-os/merobiz-os/api/vendor/laravel/framework/src/Illuminate/Foundation/Http/Middleware/TransformsRequest.php(21): Illuminate/Pipeline/Pipeline->Illuminate/Pipeline/{closure}(Object(Illuminate/Http/Request))
#45 D:/merobiz-os/merobiz-os/api/vendor/laravel/framework/src/Illuminate/Foundation/Http/Middleware/TrimStrings.php(51): Illuminate/Foundation/Http/Middleware/TransformsRequest->handle(Object(Illuminate/Http/Request), Object(Closure))
#46 D:/merobiz-os/merobiz-os/api/vendor/laravel/framework/src/Illuminate/Pipeline/Pipeline.php(219): Illuminate/Foundation/Http/Middleware/TrimStrings->handle(Object(Illuminate/Http/Request), Object(Closure))
#47 D:/merobiz-os/merobiz-os/api/vendor/laravel/framework/src/Illuminate/Http/Middleware/ValidatePostSize.php(27): Illuminate/Pipeline/Pipeline->Illuminate/Pipeline/{closure}(Object(Illuminate/Http/Request))
#48 D:/merobiz-os/merobiz-os/api/vendor/laravel/framework/src/Illuminate/Pipeline/Pipeline.php(219): Illuminate/Http/Middleware/ValidatePostSize->handle(Object(Illuminate/Http/Request), Object(Closure))
#49 D:/merobiz-os/merobiz-os/api/vendor/laravel/framework/src/Illuminate/Foundation/Http/Middleware/PreventRequestsDuringMaintenance.php(110): Illuminate/Pipeline/Pipeline->Illuminate/Pipeline/{closure}(Object(Illuminate/Http/Request))
#50 D:/merobiz-os/merobiz-os/api/vendor/laravel/framework/src/Illuminate/Pipeline/Pipeline.php(219): Illuminate/Foundation/Http/Middleware/PreventRequestsDuringMaintenance->handle(Object(Illuminate/Http/Request), Object(Closure))
#51 D:/merobiz-os/merobiz-os/api/vendor/laravel/framework/src/Illuminate/Http/Middleware/HandleCors.php(74): Illuminate/Pipeline/Pipeline->Illuminate/Pipeline/{closure}(Object(Illuminate/Http/Request))
#52 D:/merobiz-os/merobiz-os/api/vendor/laravel/framework/src/Illuminate/Pipeline/Pipeline.php(219): Illuminate/Http/Middleware/HandleCors->handle(Object(Illuminate/Http/Request), Object(Closure))
#53 D:/merobiz-os/merobiz-os/api/vendor/laravel/framework/src/Illuminate/Http/Middleware/TrustProxies.php(58): Illuminate/Pipeline/Pipeline->Illuminate/Pipeline/{closure}(Object(Illuminate/Http/Request))
#54 D:/merobiz-os/merobiz-os/api/vendor/laravel/framework/src/Illuminate/Pipeline/Pipeline.php(219): Illuminate/Http/Middleware/TrustProxies->handle(Object(Illuminate/Http/Request), Object(Closure))
#55 D:/merobiz-os/merobiz-os/api/vendor/laravel/framework/src/Illuminate/Foundation/Http/Middleware/InvokeDeferredCallbacks.php(22): Illuminate/Pipeline/Pipeline->Illuminate/Pipeline/{closure}(Object(Illuminate/Http/Request))
#56 D:/merobiz-os/merobiz-os/api/vendor/laravel/framework/src/Illuminate/Pipeline/Pipeline.php(219): Illuminate/Foundation/Http/Middleware/InvokeDeferredCallbacks->handle(Object(Illuminate/Http/Request), Object(Closure))
#57 D:/merobiz-os/merobiz-os/api/vendor/laravel/framework/src/Illuminate/Http/Middleware/ValidatePathEncoding.php(28): Illuminate/Pipeline/Pipeline->Illuminate/Pipeline/{closure}(Object(Illuminate/Http/Request))
#58 D:/merobiz-os/merobiz-os/api/vendor/laravel/framework/src/Illuminate/Pipeline/Pipeline.php(219): Illuminate/Http/Middleware/ValidatePathEncoding->handle(Object(Illuminate/Http/Request), Object(Closure))
#59 D:/merobiz-os/merobiz-os/api/vendor/laravel/framework/src/Illuminate/Pipeline/Pipeline.php(137): Illuminate/Pipeline/Pipeline->Illuminate/Pipeline/{closure}(Object(Illuminate/Http/Request))
#60 D:/merobiz-os/merobiz-os/api/vendor/laravel/framework/src/Illuminate/Foundation/Http/Kernel.php(175): Illuminate/Pipeline/Pipeline->then(Object(Closure))
#61 D:/merobiz-os/merobiz-os/api/vendor/laravel/framework/src/Illuminate/Foundation/Http/Kernel.php(144): Illuminate/Foundation/Http/Kernel->sendRequestThroughRouter(Object(Illuminate/Http/Request))
#62 D:/merobiz-os/merobiz-os/api/vendor/laravel/framework/src/Illuminate/Foundation/Application.php(1227): Illuminate/Foundation/Http/Kernel->handle(Object(Illuminate/Http/Request))
#63 D:/merobiz-os/merobiz-os/api/public/index.php(17): Illuminate/Foundation/Application->handleRequest(Object(Illuminate/Http/Request))
#64 D:/merobiz-os/merobiz-os/api/vendor/laravel/framework/src/Illuminate/Foundation/resources/server.php(23): require_once('D://merobiz-os//m...')
#65 {main}
"} 
[2026-09-02 18:53:30] local.ERROR: Class "App\Enums\SaleVerificationStatus" not found {"userId":2,"exception":"[object] (Error(code: 0): Class \"App\\Enums\\SaleVerificationStatus\" not found at D:/merobiz-os/merobiz-os/api/app/Services/InvoiceService.php:98)
[stacktrace]
#0 D:/merobiz-os/merobiz-os/api/vendor/laravel/framework/src/Illuminate/Database/Concerns/ManagesTransactions.php(35): App/Services/InvoiceService->App/Services/{closure}(Object(Illuminate/Database/MySqlConnection))
#1 D:/merobiz-os/merobiz-os/api/vendor/laravel/framework/src/Illuminate/Database/DatabaseManager.php(502): Illuminate/Database/Connection->transaction(Object(Closure))
#2 D:/merobiz-os/merobiz-os/api/vendor/laravel/framework/src/Illuminate/Support/Facades/Facade.php(364): Illuminate/Database/DatabaseManager->__call('transaction', Array)
#3 D:/merobiz-os/merobiz-os/api/app/Services/InvoiceService.php(27): Illuminate/Support/Facades/Facade::__callStatic('transaction', Array)
#4 D:/merobiz-os/merobiz-os/api/app/Http/Controllers/InvoiceController.php(56): App/Services/InvoiceService->create(Object(App/Models/Business), Object(App/Models/User), Array)
#5 D:/merobiz-os/merobiz-os/api/vendor/laravel/framework/src/Illuminate/Routing/ControllerDispatcher.php(46): App/Http/Controllers/InvoiceController->store(Object(App/Http/Requests/StoreInvoiceRequest), Object(App/Models/Business))
#6 D:/merobiz-os/merobiz-os/api/vendor/laravel/framework/src/Illuminate/Routing/Route.php(276): Illuminate/Routing/ControllerDispatcher->dispatch(Object(Illuminate/Routing/Route), Object(App/Http/Controllers/InvoiceController), 'store')
#7 D:/merobiz-os/merobiz-os/api/vendor/laravel/framework/src/Illuminate/Routing/Route.php(216): Illuminate/Routing/Route->runController()
#8 D:/merobiz-os/merobiz-os/api/vendor/laravel/framework/src/Illuminate/Routing/Router.php(822): Illuminate/Routing/Route->run()
#9 D:/merobiz-os/merobiz-os/api/vendor/laravel/framework/src/Illuminate/Pipeline/Pipeline.php(180): Illuminate/Routing/Router->Illuminate/Routing/{closure}(Object(Illuminate/Http/Request))
#10 D:/merobiz-os/merobiz-os/api/app/Http/Middleware/EnsureBusinessAccess.php(51): Illuminate/Pipeline/Pipeline->Illuminate/Pipeline/{closure}(Object(Illuminate/Http/Request))
#11 D:/merobiz-os/merobiz-os/api/vendor/laravel/framework/src/Illuminate/Pipeline/Pipeline.php(219): App/Http/Middleware/EnsureBusinessAccess->handle(Object(Illuminate/Http/Request), Object(Closure))
#12 D:/merobiz-os/merobiz-os/api/vendor/laravel/framework/src/Illuminate/Routing/Middleware/SubstituteBindings.php(52): Illuminate/Pipeline/Pipeline->Illuminate/Pipeline/{closure}(Object(Illuminate/Http/Request))
#13 D:/merobiz-os/merobiz-os/api/vendor/laravel/framework/src/Illuminate/Pipeline/Pipeline.php(219): Illuminate/Routing/Middleware/SubstituteBindings->handle(Object(Illuminate/Http/Request), Object(Closure))
#14 D:/merobiz-os/merobiz-os/api/vendor/laravel/framework/src/Illuminate/Auth/Middleware/Authenticate.php(63): Illuminate/Pipeline/Pipeline->Illuminate/Pipeline/{closure}(Object(Illuminate/Http/Request))
#15 D:/merobiz-os/merobiz-os/api/vendor/laravel/framework/src/Illuminate/Pipeline/Pipeline.php(219): Illuminate/Auth/Middleware/Authenticate->handle(Object(Illuminate/Http/Request), Object(Closure), 'sanctum')
#16 D:/merobiz-os/merobiz-os/api/vendor/laravel/sanctum/src/Http/Middleware/EnsureFrontendRequestsAreStateful.php(26): Illuminate/Pipeline/Pipeline->Illuminate/Pipeline/{closure}(Object(Illuminate/Http/Request))
#17 D:/merobiz-os/merobiz-os/api/vendor/laravel/framework/src/Illuminate/Pipeline/Pipeline.php(180): Laravel/Sanctum/Http/Middleware/EnsureFrontendRequestsAreStateful->Laravel/Sanctum/Http/Middleware/{closure}(Object(Illuminate/Http/Request))
#18 D:/merobiz-os/merobiz-os/api/vendor/laravel/sanctum/src/Http/Middleware/AuthenticateSession.php(60): Illuminate/Pipeline/Pipeline->Illuminate/Pipeline/{closure}(Object(Illuminate/Http/Request))
#19 D:/merobiz-os/merobiz-os/api/vendor/laravel/framework/src/Illuminate/Pipeline/Pipeline.php(219): Laravel/Sanctum/Http/Middleware/AuthenticateSession->handle(Object(Illuminate/Http/Request), Object(Closure))
#20 D:/merobiz-os/merobiz-os/api/vendor/laravel/framework/src/Illuminate/Foundation/Http/Middleware/PreventRequestForgery.php(104): Illuminate/Pipeline/Pipeline->Illuminate/Pipeline/{closure}(Object(Illuminate/Http/Request))
#21 D:/merobiz-os/merobiz-os/api/vendor/laravel/framework/src/Illuminate/Pipeline/Pipeline.php(219): Illuminate/Foundation/Http/Middleware/PreventRequestForgery->handle(Object(Illuminate/Http/Request), Object(Closure))
#22 D:/merobiz-os/merobiz-os/api/vendor/laravel/framework/src/Illuminate/Session/Middleware/StartSession.php(120): Illuminate/Pipeline/Pipeline->Illuminate/Pipeline/{closure}(Object(Illuminate/Http/Request))
#23 D:/merobiz-os/merobiz-os/api/vendor/laravel/framework/src/Illuminate/Session/Middleware/StartSession.php(63): Illuminate/Session/Middleware/StartSession->handleStatefulRequest(Object(Illuminate/Http/Request), Object(Illuminate/Session/Store), Object(Closure))
#24 D:/merobiz-os/merobiz-os/api/vendor/laravel/framework/src/Illuminate/Pipeline/Pipeline.php(219): Illuminate/Session/Middleware/StartSession->handle(Object(Illuminate/Http/Request), Object(Closure))
#25 D:/merobiz-os/merobiz-os/api/vendor/laravel/framework/src/Illuminate/Cookie/Middleware/AddQueuedCookiesToResponse.php(36): Illuminate/Pipeline/Pipeline->Illuminate/Pipeline/{closure}(Object(Illuminate/Http/Request))
#26 D:/merobiz-os/merobiz-os/api/vendor/laravel/framework/src/Illuminate/Pipeline/Pipeline.php(219): Illuminate/Cookie/Middleware/AddQueuedCookiesToResponse->handle(Object(Illuminate/Http/Request), Object(Closure))
#27 D:/merobiz-os/merobiz-os/api/vendor/laravel/framework/src/Illuminate/Cookie/Middleware/EncryptCookies.php(74): Illuminate/Pipeline/Pipeline->Illuminate/Pipeline/{closure}(Object(Illuminate/Http/Request))
#28 D:/merobiz-os/merobiz-os/api/vendor/laravel/framework/src/Illuminate/Pipeline/Pipeline.php(219): Illuminate/Cookie/Middleware/EncryptCookies->handle(Object(Illuminate/Http/Request), Object(Closure))
#29 D:/merobiz-os/merobiz-os/api/vendor/laravel/sanctum/src/Http/Middleware/EnsureFrontendRequestsAreStateful.php(61): Illuminate/Pipeline/Pipeline->Illuminate/Pipeline/{closure}(Object(Illuminate/Http/Request))
#30 D:/merobiz-os/merobiz-os/api/vendor/laravel/framework/src/Illuminate/Pipeline/Pipeline.php(201): Laravel/Sanctum/Http/Middleware/EnsureFrontendRequestsAreStateful->Laravel/Sanctum/Http/Middleware/{closure}(Object(Illuminate/Http/Request), Object(Closure))
#31 D:/merobiz-os/merobiz-os/api/vendor/laravel/framework/src/Illuminate/Pipeline/Pipeline.php(137): Illuminate/Pipeline/Pipeline->Illuminate/Pipeline/{closure}(Object(Illuminate/Http/Request))
#32 D:/merobiz-os/merobiz-os/api/vendor/laravel/sanctum/src/Http/Middleware/EnsureFrontendRequestsAreStateful.php(25): Illuminate/Pipeline/Pipeline->then(Object(Closure))
#33 D:/merobiz-os/merobiz-os/api/vendor/laravel/framework/src/Illuminate/Pipeline/Pipeline.php(219): Laravel/Sanctum/Http/Middleware/EnsureFrontendRequestsAreStateful->handle(Object(Illuminate/Http/Request), Object(Closure))
#34 D:/merobiz-os/merobiz-os/api/vendor/laravel/framework/src/Illuminate/Pipeline/Pipeline.php(137): Illuminate/Pipeline/Pipeline->Illuminate/Pipeline/{closure}(Object(Illuminate/Http/Request))
#35 D:/merobiz-os/merobiz-os/api/vendor/laravel/framework/src/Illuminate/Routing/Router.php(821): Illuminate/Pipeline/Pipeline->then(Object(Closure))
#36 D:/merobiz-os/merobiz-os/api/vendor/laravel/framework/src/Illuminate/Routing/Router.php(800): Illuminate/Routing/Router->runRouteWithinStack(Object(Illuminate/Routing/Route), Object(Illuminate/Http/Request))
#37 D:/merobiz-os/merobiz-os/api/vendor/laravel/framework/src/Illuminate/Routing/Router.php(764): Illuminate/Routing/Router->runRoute(Object(Illuminate/Http/Request), Object(Illuminate/Routing/Route))
#38 D:/merobiz-os/merobiz-os/api/vendor/laravel/framework/src/Illuminate/Routing/Router.php(753): Illuminate/Routing/Router->dispatchToRoute(Object(Illuminate/Http/Request))
#39 D:/merobiz-os/merobiz-os/api/vendor/laravel/framework/src/Illuminate/Foundation/Http/Kernel.php(200): Illuminate/Routing/Router->dispatch(Object(Illuminate/Http/Request))
#40 D:/merobiz-os/merobiz-os/api/vendor/laravel/framework/src/Illuminate/Pipeline/Pipeline.php(180): Illuminate/Foundation/Http/Kernel->Illuminate/Foundation/Http/{closure}(Object(Illuminate/Http/Request))
#41 D:/merobiz-os/merobiz-os/api/vendor/laravel/framework/src/Illuminate/Foundation/Http/Middleware/TransformsRequest.php(21): Illuminate/Pipeline/Pipeline->Illuminate/Pipeline/{closure}(Object(Illuminate/Http/Request))
#42 D:/merobiz-os/merobiz-os/api/vendor/laravel/framework/src/Illuminate/Foundation/Http/Middleware/ConvertEmptyStringsToNull.php(31): Illuminate/Foundation/Http/Middleware/TransformsRequest->handle(Object(Illuminate/Http/Request), Object(Closure))
#43 D:/merobiz-os/merobiz-os/api/vendor/laravel/framework/src/Illuminate/Pipeline/Pipeline.php(219): Illuminate/Foundation/Http/Middleware/ConvertEmptyStringsToNull->handle(Object(Illuminate/Http/Request), Object(Closure))
#44 D:/merobiz-os/merobiz-os/api/vendor/laravel/framework/src/Illuminate/Foundation/Http/Middleware/TransformsRequest.php(21): Illuminate/Pipeline/Pipeline->Illuminate/Pipeline/{closure}(Object(Illuminate/Http/Request))
#45 D:/merobiz-os/merobiz-os/api/vendor/laravel/framework/src/Illuminate/Foundation/Http/Middleware/TrimStrings.php(51): Illuminate/Foundation/Http/Middleware/TransformsRequest->handle(Object(Illuminate/Http/Request), Object(Closure))
#46 D:/merobiz-os/merobiz-os/api/vendor/laravel/framework/src/Illuminate/Pipeline/Pipeline.php(219): Illuminate/Foundation/Http/Middleware/TrimStrings->handle(Object(Illuminate/Http/Request), Object(Closure))
#47 D:/merobiz-os/merobiz-os/api/vendor/laravel/framework/src/Illuminate/Http/Middleware/ValidatePostSize.php(27): Illuminate/Pipeline/Pipeline->Illuminate/Pipeline/{closure}(Object(Illuminate/Http/Request))
#48 D:/merobiz-os/merobiz-os/api/vendor/laravel/framework/src/Illuminate/Pipeline/Pipeline.php(219): Illuminate/Http/Middleware/ValidatePostSize->handle(Object(Illuminate/Http/Request), Object(Closure))
#49 D:/merobiz-os/merobiz-os/api/vendor/laravel/framework/src/Illuminate/Foundation/Http/Middleware/PreventRequestsDuringMaintenance.php(110): Illuminate/Pipeline/Pipeline->Illuminate/Pipeline/{closure}(Object(Illuminate/Http/Request))
#50 D:/merobiz-os/merobiz-os/api/vendor/laravel/framework/src/Illuminate/Pipeline/Pipeline.php(219): Illuminate/Foundation/Http/Middleware/PreventRequestsDuringMaintenance->handle(Object(Illuminate/Http/Request), Object(Closure))
#51 D:/merobiz-os/merobiz-os/api/vendor/laravel/framework/src/Illuminate/Http/Middleware/HandleCors.php(74): Illuminate/Pipeline/Pipeline->Illuminate/Pipeline/{closure}(Object(Illuminate/Http/Request))
#52 D:/merobiz-os/merobiz-os/api/vendor/laravel/framework/src/Illuminate/Pipeline/Pipeline.php(219): Illuminate/Http/Middleware/HandleCors->handle(Object(Illuminate/Http/Request), Object(Closure))
#53 D:/merobiz-os/merobiz-os/api/vendor/laravel/framework/src/Illuminate/Http/Middleware/TrustProxies.php(58): Illuminate/Pipeline/Pipeline->Illuminate/Pipeline/{closure}(Object(Illuminate/Http/Request))
#54 D:/merobiz-os/merobiz-os/api/vendor/laravel/framework/src/Illuminate/Pipeline/Pipeline.php(219): Illuminate/Http/Middleware/TrustProxies->handle(Object(Illuminate/Http/Request), Object(Closure))
#55 D:/merobiz-os/merobiz-os/api/vendor/laravel/framework/src/Illuminate/Foundation/Http/Middleware/InvokeDeferredCallbacks.php(22): Illuminate/Pipeline/Pipeline->Illuminate/Pipeline/{closure}(Object(Illuminate/Http/Request))
#56 D:/merobiz-os/merobiz-os/api/vendor/laravel/framework/src/Illuminate/Pipeline/Pipeline.php(219): Illuminate/Foundation/Http/Middleware/InvokeDeferredCallbacks->handle(Object(Illuminate/Http/Request), Object(Closure))
#57 D:/merobiz-os/merobiz-os/api/vendor/laravel/framework/src/Illuminate/Http/Middleware/ValidatePathEncoding.php(28): Illuminate/Pipeline/Pipeline->Illuminate/Pipeline/{closure}(Object(Illuminate/Http/Request))
#58 D:/merobiz-os/merobiz-os/api/vendor/laravel/framework/src/Illuminate/Pipeline/Pipeline.php(219): Illuminate/Http/Middleware/ValidatePathEncoding->handle(Object(Illuminate/Http/Request), Object(Closure))
#59 D:/merobiz-os/merobiz-os/api/vendor/laravel/framework/src/Illuminate/Pipeline/Pipeline.php(137): Illuminate/Pipeline/Pipeline->Illuminate/Pipeline/{closure}(Object(Illuminate/Http/Request))
#60 D:/merobiz-os/merobiz-os/api/vendor/laravel/framework/src/Illuminate/Foundation/Http/Kernel.php(175): Illuminate/Pipeline/Pipeline->then(Object(Closure))
#61 D:/merobiz-os/merobiz-os/api/vendor/laravel/framework/src/Illuminate/Foundation/Http/Kernel.php(144): Illuminate/Foundation/Http/Kernel->sendRequestThroughRouter(Object(Illuminate/Http/Request))
#62 D:/merobiz-os/merobiz-os/api/vendor/laravel/framework/src/Illuminate/Foundation/Application.php(1227): Illuminate/Foundation/Http/Kernel->handle(Object(Illuminate/Http/Request))
#63 D:/merobiz-os/merobiz-os/api/public/index.php(17): Illuminate/Foundation/Application->handleRequest(Object(Illuminate/Http/Request))
#64 D:/merobiz-os/merobiz-os/api/vendor/laravel/framework/src/Illuminate/Foundation/resources/server.php(23): require_once('D://merobiz-os//m...')
#65 {main}
"} 
[2026-09-02 22:46:35] local.ERROR: Attempted to lazy load [taxEntity] on model [App\Models\Business] but lazy loading is disabled. {"userId":1,"exception":"[object] (Illuminate\\Database\\LazyLoadingViolationException(code: 0): Attempted to lazy load [taxEntity] on model [App\\Models\\Business] but lazy loading is disabled. at D:/merobiz-os/merobiz-os/api/vendor/laravel/framework/src/Illuminate/Database/Eloquent/Concerns/HasAttributes.php:624)
[stacktrace]
#0 D:/merobiz-os/merobiz-os/api/vendor/laravel/framework/src/Illuminate/Database/Eloquent/Concerns/HasAttributes.php(581): Illuminate/Database/Eloquent/Model->handleLazyLoadingViolation('taxEntity')
#1 D:/merobiz-os/merobiz-os/api/vendor/laravel/framework/src/Illuminate/Database/Eloquent/Concerns/HasAttributes.php(506): Illuminate/Database/Eloquent/Model->getRelationValue('taxEntity')
#2 D:/merobiz-os/merobiz-os/api/vendor/laravel/framework/src/Illuminate/Database/Eloquent/Model.php(2754): Illuminate/Database/Eloquent/Model->getAttribute('taxEntity')
#3 D:/merobiz-os/merobiz-os/api/vendor/laravel/framework/src/Illuminate/Http/Resources/DelegatesToResource.php(139): Illuminate/Database/Eloquent/Model->__get('taxEntity')
#4 D:/merobiz-os/merobiz-os/api/app/Http/Resources/BusinessResource.php(32): Illuminate/Http/Resources/Json/JsonResource->__get('taxEntity')
#5 D:/merobiz-os/merobiz-os/api/vendor/laravel/framework/src/Illuminate/Http/Resources/Json/JsonResource.php(147): App/Http/Resources/BusinessResource->toArray(Object(Illuminate/Http/Request))
#6 D:/merobiz-os/merobiz-os/api/vendor/laravel/framework/src/Illuminate/Http/Resources/Json/JsonResource.php(158): Illuminate/Http/Resources/Json/JsonResource->toAttributes(Object(Illuminate/Http/Request))
#7 D:/merobiz-os/merobiz-os/api/vendor/laravel/framework/src/Illuminate/Http/Resources/Json/JsonResource.php(122): Illuminate/Http/Resources/Json/JsonResource->resolveResourceData(Object(Illuminate/Http/Request))
#8 D:/merobiz-os/merobiz-os/api/vendor/laravel/framework/src/Illuminate/Collections/HigherOrderCollectionProxy.php(66): Illuminate/Http/Resources/Json/JsonResource->resolve(Object(Illuminate/Http/Request))
#9 [internal function]: Illuminate/Support/HigherOrderCollectionProxy->Illuminate/Support/{closure}(Object(App/Http/Resources/BusinessResource), 0)
#10 D:/merobiz-os/merobiz-os/api/vendor/laravel/framework/src/Illuminate/Collections/Arr.php(858): array_map(Object(Closure), Array, Array)
#11 D:/merobiz-os/merobiz-os/api/vendor/laravel/framework/src/Illuminate/Collections/Collection.php(831): Illuminate/Support/Arr::map(Array, Object(Closure))
#12 D:/merobiz-os/merobiz-os/api/vendor/laravel/framework/src/Illuminate/Collections/HigherOrderCollectionProxy.php(63): Illuminate/Support/Collection->map(Object(Closure))
#13 D:/merobiz-os/merobiz-os/api/vendor/laravel/framework/src/Illuminate/Http/Resources/Json/ResourceCollection.php(103): Illuminate/Support/HigherOrderCollectionProxy->__call('resolve', Array)
#14 D:/merobiz-os/merobiz-os/api/vendor/laravel/framework/src/Illuminate/Http/Resources/Json/JsonResource.php(147): Illuminate/Http/Resources/Json/ResourceCollection->toArray(Object(Illuminate/Http/Request))
#15 D:/merobiz-os/merobiz-os/api/vendor/laravel/framework/src/Illuminate/Http/Resources/Json/JsonResource.php(158): Illuminate/Http/Resources/Json/JsonResource->toAttributes(Object(Illuminate/Http/Request))
#16 D:/merobiz-os/merobiz-os/api/vendor/laravel/framework/src/Illuminate/Http/Resources/Json/JsonResource.php(122): Illuminate/Http/Resources/Json/JsonResource->resolveResourceData(Object(Illuminate/Http/Request))
#17 D:/merobiz-os/merobiz-os/api/vendor/laravel/framework/src/Illuminate/Http/Resources/Json/ResourceResponse.php(38): Illuminate/Http/Resources/Json/JsonResource->resolve(Object(Illuminate/Http/Request))
#18 D:/merobiz-os/merobiz-os/api/vendor/laravel/framework/src/Illuminate/Http/Resources/Json/JsonResource.php(308): Illuminate/Http/Resources/Json/ResourceResponse->toResponse(Object(Illuminate/Http/Request))
#19 D:/merobiz-os/merobiz-os/api/vendor/laravel/framework/src/Illuminate/Http/Resources/Json/ResourceCollection.php(121): Illuminate/Http/Resources/Json/JsonResource->toResponse(Object(Illuminate/Http/Request))
#20 D:/merobiz-os/merobiz-os/api/vendor/laravel/framework/src/Illuminate/Routing/Router.php(921): Illuminate/Http/Resources/Json/ResourceCollection->toResponse(Object(Illuminate/Http/Request))
#21 D:/merobiz-os/merobiz-os/api/vendor/laravel/framework/src/Illuminate/Routing/Router.php(906): Illuminate/Routing/Router::toResponse(Object(Illuminate/Http/Request), Object(Illuminate/Http/Resources/Json/AnonymousResourceCollection))
#22 D:/merobiz-os/merobiz-os/api/vendor/laravel/framework/src/Illuminate/Routing/Router.php(821): Illuminate/Routing/Router->prepareResponse(Object(Illuminate/Http/Request), Object(Illuminate/Http/Resources/Json/AnonymousResourceCollection))
#23 D:/merobiz-os/merobiz-os/api/vendor/laravel/framework/src/Illuminate/Pipeline/Pipeline.php(180): Illuminate/Routing/Router->Illuminate/Routing/{closure}(Object(Illuminate/Http/Request))
#24 D:/merobiz-os/merobiz-os/api/vendor/laravel/framework/src/Illuminate/Routing/Middleware/SubstituteBindings.php(52): Illuminate/Pipeline/Pipeline->Illuminate/Pipeline/{closure}(Object(Illuminate/Http/Request))
#25 D:/merobiz-os/merobiz-os/api/vendor/laravel/framework/src/Illuminate/Pipeline/Pipeline.php(219): Illuminate/Routing/Middleware/SubstituteBindings->handle(Object(Illuminate/Http/Request), Object(Closure))
#26 D:/merobiz-os/merobiz-os/api/vendor/laravel/framework/src/Illuminate/Auth/Middleware/Authenticate.php(63): Illuminate/Pipeline/Pipeline->Illuminate/Pipeline/{closure}(Object(Illuminate/Http/Request))
#27 D:/merobiz-os/merobiz-os/api/vendor/laravel/framework/src/Illuminate/Pipeline/Pipeline.php(219): Illuminate/Auth/Middleware/Authenticate->handle(Object(Illuminate/Http/Request), Object(Closure), 'sanctum')
#28 D:/merobiz-os/merobiz-os/api/vendor/laravel/sanctum/src/Http/Middleware/EnsureFrontendRequestsAreStateful.php(26): Illuminate/Pipeline/Pipeline->Illuminate/Pipeline/{closure}(Object(Illuminate/Http/Request))
#29 D:/merobiz-os/merobiz-os/api/vendor/laravel/framework/src/Illuminate/Pipeline/Pipeline.php(180): Laravel/Sanctum/Http/Middleware/EnsureFrontendRequestsAreStateful->Laravel/Sanctum/Http/Middleware/{closure}(Object(Illuminate/Http/Request))
#30 D:/merobiz-os/merobiz-os/api/vendor/laravel/sanctum/src/Http/Middleware/AuthenticateSession.php(60): Illuminate/Pipeline/Pipeline->Illuminate/Pipeline/{closure}(Object(Illuminate/Http/Request))
#31 D:/merobiz-os/merobiz-os/api/vendor/laravel/framework/src/Illuminate/Pipeline/Pipeline.php(219): Laravel/Sanctum/Http/Middleware/AuthenticateSession->handle(Object(Illuminate/Http/Request), Object(Closure))
#32 D:/merobiz-os/merobiz-os/api/vendor/laravel/framework/src/Illuminate/Foundation/Http/Middleware/PreventRequestForgery.php(104): Illuminate/Pipeline/Pipeline->Illuminate/Pipeline/{closure}(Object(Illuminate/Http/Request))
#33 D:/merobiz-os/merobiz-os/api/vendor/laravel/framework/src/Illuminate/Pipeline/Pipeline.php(219): Illuminate/Foundation/Http/Middleware/PreventRequestForgery->handle(Object(Illuminate/Http/Request), Object(Closure))
#34 D:/merobiz-os/merobiz-os/api/vendor/laravel/framework/src/Illuminate/Session/Middleware/StartSession.php(120): Illuminate/Pipeline/Pipeline->Illuminate/Pipeline/{closure}(Object(Illuminate/Http/Request))
#35 D:/merobiz-os/merobiz-os/api/vendor/laravel/framework/src/Illuminate/Session/Middleware/StartSession.php(63): Illuminate/Session/Middleware/StartSession->handleStatefulRequest(Object(Illuminate/Http/Request), Object(Illuminate/Session/Store), Object(Closure))
#36 D:/merobiz-os/merobiz-os/api/vendor/laravel/framework/src/Illuminate/Pipeline/Pipeline.php(219): Illuminate/Session/Middleware/StartSession->handle(Object(Illuminate/Http/Request), Object(Closure))
#37 D:/merobiz-os/merobiz-os/api/vendor/laravel/framework/src/Illuminate/Cookie/Middleware/AddQueuedCookiesToResponse.php(36): Illuminate/Pipeline/Pipeline->Illuminate/Pipeline/{closure}(Object(Illuminate/Http/Request))
#38 D:/merobiz-os/merobiz-os/api/vendor/laravel/framework/src/Illuminate/Pipeline/Pipeline.php(219): Illuminate/Cookie/Middleware/AddQueuedCookiesToResponse->handle(Object(Illuminate/Http/Request), Object(Closure))
#39 D:/merobiz-os/merobiz-os/api/vendor/laravel/framework/src/Illuminate/Cookie/Middleware/EncryptCookies.php(74): Illuminate/Pipeline/Pipeline->Illuminate/Pipeline/{closure}(Object(Illuminate/Http/Request))
#40 D:/merobiz-os/merobiz-os/api/vendor/laravel/framework/src/Illuminate/Pipeline/Pipeline.php(219): Illuminate/Cookie/Middleware/EncryptCookies->handle(Object(Illuminate/Http/Request), Object(Closure))
#41 D:/merobiz-os/merobiz-os/api/vendor/laravel/sanctum/src/Http/Middleware/EnsureFrontendRequestsAreStateful.php(61): Illuminate/Pipeline/Pipeline->Illuminate/Pipeline/{closure}(Object(Illuminate/Http/Request))
#42 D:/merobiz-os/merobiz-os/api/vendor/laravel/framework/src/Illuminate/Pipeline/Pipeline.php(201): Laravel/Sanctum/Http/Middleware/EnsureFrontendRequestsAreStateful->Laravel/Sanctum/Http/Middleware/{closure}(Object(Illuminate/Http/Request), Object(Closure))
#43 D:/merobiz-os/merobiz-os/api/vendor/laravel/framework/src/Illuminate/Pipeline/Pipeline.php(137): Illuminate/Pipeline/Pipeline->Illuminate/Pipeline/{closure}(Object(Illuminate/Http/Request))
#44 D:/merobiz-os/merobiz-os/api/vendor/laravel/sanctum/src/Http/Middleware/EnsureFrontendRequestsAreStateful.php(25): Illuminate/Pipeline/Pipeline->then(Object(Closure))
#45 D:/merobiz-os/merobiz-os/api/vendor/laravel/framework/src/Illuminate/Pipeline/Pipeline.php(219): Laravel/Sanctum/Http/Middleware/EnsureFrontendRequestsAreStateful->handle(Object(Illuminate/Http/Request), Object(Closure))
#46 D:/merobiz-os/merobiz-os/api/vendor/laravel/framework/src/Illuminate/Pipeline/Pipeline.php(137): Illuminate/Pipeline/Pipeline->Illuminate/Pipeline/{closure}(Object(Illuminate/Http/Request))
#47 D:/merobiz-os/merobiz-os/api/vendor/laravel/framework/src/Illuminate/Routing/Router.php(821): Illuminate/Pipeline/Pipeline->then(Object(Closure))
#48 D:/merobiz-os/merobiz-os/api/vendor/laravel/framework/src/Illuminate/Routing/Router.php(800): Illuminate/Routing/Router->runRouteWithinStack(Object(Illuminate/Routing/Route), Object(Illuminate/Http/Request))
#49 D:/merobiz-os/merobiz-os/api/vendor/laravel/framework/src/Illuminate/Routing/Router.php(764): Illuminate/Routing/Router->runRoute(Object(Illuminate/Http/Request), Object(Illuminate/Routing/Route))
#50 D:/merobiz-os/merobiz-os/api/vendor/laravel/framework/src/Illuminate/Routing/Router.php(753): Illuminate/Routing/Router->dispatchToRoute(Object(Illuminate/Http/Request))
#51 D:/merobiz-os/merobiz-os/api/vendor/laravel/framework/src/Illuminate/Foundation/Http/Kernel.php(200): Illuminate/Routing/Router->dispatch(Object(Illuminate/Http/Request))
#52 D:/merobiz-os/merobiz-os/api/vendor/laravel/framework/src/Illuminate/Pipeline/Pipeline.php(180): Illuminate/Foundation/Http/Kernel->Illuminate/Foundation/Http/{closure}(Object(Illuminate/Http/Request))
#53 D:/merobiz-os/merobiz-os/api/vendor/laravel/framework/src/Illuminate/Foundation/Http/Middleware/TransformsRequest.php(21): Illuminate/Pipeline/Pipeline->Illuminate/Pipeline/{closure}(Object(Illuminate/Http/Request))
#54 D:/merobiz-os/merobiz-os/api/vendor/laravel/framework/src/Illuminate/Foundation/Http/Middleware/ConvertEmptyStringsToNull.php(31): Illuminate/Foundation/Http/Middleware/TransformsRequest->handle(Object(Illuminate/Http/Request), Object(Closure))
#55 D:/merobiz-os/merobiz-os/api/vendor/laravel/framework/src/Illuminate/Pipeline/Pipeline.php(219): Illuminate/Foundation/Http/Middleware/ConvertEmptyStringsToNull->handle(Object(Illuminate/Http/Request), Object(Closure))
#56 D:/merobiz-os/merobiz-os/api/vendor/laravel/framework/src/Illuminate/Foundation/Http/Middleware/TransformsRequest.php(21): Illuminate/Pipeline/Pipeline->Illuminate/Pipeline/{closure}(Object(Illuminate/Http/Request))
#57 D:/merobiz-os/merobiz-os/api/vendor/laravel/framework/src/Illuminate/Foundation/Http/Middleware/TrimStrings.php(51): Illuminate/Foundation/Http/Middleware/TransformsRequest->handle(Object(Illuminate/Http/Request), Object(Closure))
#58 D:/merobiz-os/merobiz-os/api/vendor/laravel/framework/src/Illuminate/Pipeline/Pipeline.php(219): Illuminate/Foundation/Http/Middleware/TrimStrings->handle(Object(Illuminate/Http/Request), Object(Closure))
#59 D:/merobiz-os/merobiz-os/api/vendor/laravel/framework/src/Illuminate/Http/Middleware/ValidatePostSize.php(27): Illuminate/Pipeline/Pipeline->Illuminate/Pipeline/{closure}(Object(Illuminate/Http/Request))
#60 D:/merobiz-os/merobiz-os/api/vendor/laravel/framework/src/Illuminate/Pipeline/Pipeline.php(219): Illuminate/Http/Middleware/ValidatePostSize->handle(Object(Illuminate/Http/Request), Object(Closure))
#61 D:/merobiz-os/merobiz-os/api/vendor/laravel/framework/src/Illuminate/Foundation/Http/Middleware/PreventRequestsDuringMaintenance.php(110): Illuminate/Pipeline/Pipeline->Illuminate/Pipeline/{closure}(Object(Illuminate/Http/Request))
#62 D:/merobiz-os/merobiz-os/api/vendor/laravel/framework/src/Illuminate/Pipeline/Pipeline.php(219): Illuminate/Foundation/Http/Middleware/PreventRequestsDuringMaintenance->handle(Object(Illuminate/Http/Request), Object(Closure))
#63 D:/merobiz-os/merobiz-os/api/vendor/laravel/framework/src/Illuminate/Http/Middleware/HandleCors.php(74): Illuminate/Pipeline/Pipeline->Illuminate/Pipeline/{closure}(Object(Illuminate/Http/Request))
#64 D:/merobiz-os/merobiz-os/api/vendor/laravel/framework/src/Illuminate/Pipeline/Pipeline.php(219): Illuminate/Http/Middleware/HandleCors->handle(Object(Illuminate/Http/Request), Object(Closure))
#65 D:/merobiz-os/merobiz-os/api/vendor/laravel/framework/src/Illuminate/Http/Middleware/TrustProxies.php(58): Illuminate/Pipeline/Pipeline->Illuminate/Pipeline/{closure}(Object(Illuminate/Http/Request))
#66 D:/merobiz-os/merobiz-os/api/vendor/laravel/framework/src/Illuminate/Pipeline/Pipeline.php(219): Illuminate/Http/Middleware/TrustProxies->handle(Object(Illuminate/Http/Request), Object(Closure))
#67 D:/merobiz-os/merobiz-os/api/vendor/laravel/framework/src/Illuminate/Foundation/Http/Middleware/InvokeDeferredCallbacks.php(22): Illuminate/Pipeline/Pipeline->Illuminate/Pipeline/{closure}(Object(Illuminate/Http/Request))
#68 D:/merobiz-os/merobiz-os/api/vendor/laravel/framework/src/Illuminate/Pipeline/Pipeline.php(219): Illuminate/Foundation/Http/Middleware/InvokeDeferredCallbacks->handle(Object(Illuminate/Http/Request), Object(Closure))
#69 D:/merobiz-os/merobiz-os/api/vendor/laravel/framework/src/Illuminate/Http/Middleware/ValidatePathEncoding.php(28): Illuminate/Pipeline/Pipeline->Illuminate/Pipeline/{closure}(Object(Illuminate/Http/Request))
#70 D:/merobiz-os/merobiz-os/api/vendor/laravel/framework/src/Illuminate/Pipeline/Pipeline.php(219): Illuminate/Http/Middleware/ValidatePathEncoding->handle(Object(Illuminate/Http/Request), Object(Closure))
#71 D:/merobiz-os/merobiz-os/api/vendor/laravel/framework/src/Illuminate/Pipeline/Pipeline.php(137): Illuminate/Pipeline/Pipeline->Illuminate/Pipeline/{closure}(Object(Illuminate/Http/Request))
#72 D:/merobiz-os/merobiz-os/api/vendor/laravel/framework/src/Illuminate/Foundation/Http/Kernel.php(175): Illuminate/Pipeline/Pipeline->then(Object(Closure))
#73 D:/merobiz-os/merobiz-os/api/vendor/laravel/framework/src/Illuminate/Foundation/Http/Kernel.php(144): Illuminate/Foundation/Http/Kernel->sendRequestThroughRouter(Object(Illuminate/Http/Request))
#74 D:/merobiz-os/merobiz-os/api/vendor/laravel/framework/src/Illuminate/Foundation/Application.php(1227): Illuminate/Foundation/Http/Kernel->handle(Object(Illuminate/Http/Request))
#75 D:/merobiz-os/merobiz-os/api/public/index.php(17): Illuminate/Foundation/Application->handleRequest(Object(Illuminate/Http/Request))
#76 D:/merobiz-os/merobiz-os/api/vendor/laravel/framework/src/Illuminate/Foundation/resources/server.php(23): require_once('D://merobiz-os//m...')
#77 {main}
"} 
[2026-09-02 22:46:55] local.ERROR: Attempted to lazy load [taxEntity] on model [App\Models\Business] but lazy loading is disabled. {"userId":1,"exception":"[object] (Illuminate\\Database\\LazyLoadingViolationException(code: 0): Attempted to lazy load [taxEntity] on model [App\\Models\\Business] but lazy loading is disabled. at D:/merobiz-os/merobiz-os/api/vendor/laravel/framework/src/Illuminate/Database/Eloquent/Concerns/HasAttributes.php:624)
[stacktrace]
#0 D:/merobiz-os/merobiz-os/api/vendor/laravel/framework/src/Illuminate/Database/Eloquent/Concerns/HasAttributes.php(581): Illuminate/Database/Eloquent/Model->handleLazyLoadingViolation('taxEntity')
#1 D:/merobiz-os/merobiz-os/api/vendor/laravel/framework/src/Illuminate/Database/Eloquent/Concerns/HasAttributes.php(506): Illuminate/Database/Eloquent/Model->getRelationValue('taxEntity')
#2 D:/merobiz-os/merobiz-os/api/vendor/laravel/framework/src/Illuminate/Database/Eloquent/Model.php(2754): Illuminate/Database/Eloquent/Model->getAttribute('taxEntity')
#3 D:/merobiz-os/merobiz-os/api/vendor/laravel/framework/src/Illuminate/Http/Resources/DelegatesToResource.php(139): Illuminate/Database/Eloquent/Model->__get('taxEntity')
#4 D:/merobiz-os/merobiz-os/api/app/Http/Resources/BusinessResource.php(32): Illuminate/Http/Resources/Json/JsonResource->__get('taxEntity')
#5 D:/merobiz-os/merobiz-os/api/vendor/laravel/framework/src/Illuminate/Http/Resources/Json/JsonResource.php(147): App/Http/Resources/BusinessResource->toArray(Object(Illuminate/Http/Request))
#6 D:/merobiz-os/merobiz-os/api/vendor/laravel/framework/src/Illuminate/Http/Resources/Json/JsonResource.php(158): Illuminate/Http/Resources/Json/JsonResource->toAttributes(Object(Illuminate/Http/Request))
#7 D:/merobiz-os/merobiz-os/api/vendor/laravel/framework/src/Illuminate/Http/Resources/Json/JsonResource.php(122): Illuminate/Http/Resources/Json/JsonResource->resolveResourceData(Object(Illuminate/Http/Request))
#8 D:/merobiz-os/merobiz-os/api/vendor/laravel/framework/src/Illuminate/Collections/HigherOrderCollectionProxy.php(66): Illuminate/Http/Resources/Json/JsonResource->resolve(Object(Illuminate/Http/Request))
#9 [internal function]: Illuminate/Support/HigherOrderCollectionProxy->Illuminate/Support/{closure}(Object(App/Http/Resources/BusinessResource), 0)
#10 D:/merobiz-os/merobiz-os/api/vendor/laravel/framework/src/Illuminate/Collections/Arr.php(858): array_map(Object(Closure), Array, Array)
#11 D:/merobiz-os/merobiz-os/api/vendor/laravel/framework/src/Illuminate/Collections/Collection.php(831): Illuminate/Support/Arr::map(Array, Object(Closure))
#12 D:/merobiz-os/merobiz-os/api/vendor/laravel/framework/src/Illuminate/Collections/HigherOrderCollectionProxy.php(63): Illuminate/Support/Collection->map(Object(Closure))
#13 D:/merobiz-os/merobiz-os/api/vendor/laravel/framework/src/Illuminate/Http/Resources/Json/ResourceCollection.php(103): Illuminate/Support/HigherOrderCollectionProxy->__call('resolve', Array)
#14 D:/merobiz-os/merobiz-os/api/vendor/laravel/framework/src/Illuminate/Http/Resources/Json/JsonResource.php(147): Illuminate/Http/Resources/Json/ResourceCollection->toArray(Object(Illuminate/Http/Request))
#15 D:/merobiz-os/merobiz-os/api/vendor/laravel/framework/src/Illuminate/Http/Resources/Json/JsonResource.php(158): Illuminate/Http/Resources/Json/JsonResource->toAttributes(Object(Illuminate/Http/Request))
#16 D:/merobiz-os/merobiz-os/api/vendor/laravel/framework/src/Illuminate/Http/Resources/Json/JsonResource.php(122): Illuminate/Http/Resources/Json/JsonResource->resolveResourceData(Object(Illuminate/Http/Request))
#17 D:/merobiz-os/merobiz-os/api/vendor/laravel/framework/src/Illuminate/Http/Resources/Json/ResourceResponse.php(38): Illuminate/Http/Resources/Json/JsonResource->resolve(Object(Illuminate/Http/Request))
#18 D:/merobiz-os/merobiz-os/api/vendor/laravel/framework/src/Illuminate/Http/Resources/Json/JsonResource.php(308): Illuminate/Http/Resources/Json/ResourceResponse->toResponse(Object(Illuminate/Http/Request))
#19 D:/merobiz-os/merobiz-os/api/vendor/laravel/framework/src/Illuminate/Http/Resources/Json/ResourceCollection.php(121): Illuminate/Http/Resources/Json/JsonResource->toResponse(Object(Illuminate/Http/Request))
#20 D:/merobiz-os/merobiz-os/api/vendor/laravel/framework/src/Illuminate/Routing/Router.php(921): Illuminate/Http/Resources/Json/ResourceCollection->toResponse(Object(Illuminate/Http/Request))
#21 D:/merobiz-os/merobiz-os/api/vendor/laravel/framework/src/Illuminate/Routing/Router.php(906): Illuminate/Routing/Router::toResponse(Object(Illuminate/Http/Request), Object(Illuminate/Http/Resources/Json/AnonymousResourceCollection))
#22 D:/merobiz-os/merobiz-os/api/vendor/laravel/framework/src/Illuminate/Routing/Router.php(821): Illuminate/Routing/Router->prepareResponse(Object(Illuminate/Http/Request), Object(Illuminate/Http/Resources/Json/AnonymousResourceCollection))
#23 D:/merobiz-os/merobiz-os/api/vendor/laravel/framework/src/Illuminate/Pipeline/Pipeline.php(180): Illuminate/Routing/Router->Illuminate/Routing/{closure}(Object(Illuminate/Http/Request))
#24 D:/merobiz-os/merobiz-os/api/vendor/laravel/framework/src/Illuminate/Routing/Middleware/SubstituteBindings.php(52): Illuminate/Pipeline/Pipeline->Illuminate/Pipeline/{closure}(Object(Illuminate/Http/Request))
#25 D:/merobiz-os/merobiz-os/api/vendor/laravel/framework/src/Illuminate/Pipeline/Pipeline.php(219): Illuminate/Routing/Middleware/SubstituteBindings->handle(Object(Illuminate/Http/Request), Object(Closure))
#26 D:/merobiz-os/merobiz-os/api/vendor/laravel/framework/src/Illuminate/Auth/Middleware/Authenticate.php(63): Illuminate/Pipeline/Pipeline->Illuminate/Pipeline/{closure}(Object(Illuminate/Http/Request))
#27 D:/merobiz-os/merobiz-os/api/vendor/laravel/framework/src/Illuminate/Pipeline/Pipeline.php(219): Illuminate/Auth/Middleware/Authenticate->handle(Object(Illuminate/Http/Request), Object(Closure), 'sanctum')
#28 D:/merobiz-os/merobiz-os/api/vendor/laravel/sanctum/src/Http/Middleware/EnsureFrontendRequestsAreStateful.php(26): Illuminate/Pipeline/Pipeline->Illuminate/Pipeline/{closure}(Object(Illuminate/Http/Request))
#29 D:/merobiz-os/merobiz-os/api/vendor/laravel/framework/src/Illuminate/Pipeline/Pipeline.php(180): Laravel/Sanctum/Http/Middleware/EnsureFrontendRequestsAreStateful->Laravel/Sanctum/Http/Middleware/{closure}(Object(Illuminate/Http/Request))
#30 D:/merobiz-os/merobiz-os/api/vendor/laravel/sanctum/src/Http/Middleware/AuthenticateSession.php(60): Illuminate/Pipeline/Pipeline->Illuminate/Pipeline/{closure}(Object(Illuminate/Http/Request))
#31 D:/merobiz-os/merobiz-os/api/vendor/laravel/framework/src/Illuminate/Pipeline/Pipeline.php(219): Laravel/Sanctum/Http/Middleware/AuthenticateSession->handle(Object(Illuminate/Http/Request), Object(Closure))
#32 D:/merobiz-os/merobiz-os/api/vendor/laravel/framework/src/Illuminate/Foundation/Http/Middleware/PreventRequestForgery.php(104): Illuminate/Pipeline/Pipeline->Illuminate/Pipeline/{closure}(Object(Illuminate/Http/Request))
#33 D:/merobiz-os/merobiz-os/api/vendor/laravel/framework/src/Illuminate/Pipeline/Pipeline.php(219): Illuminate/Foundation/Http/Middleware/PreventRequestForgery->handle(Object(Illuminate/Http/Request), Object(Closure))
#34 D:/merobiz-os/merobiz-os/api/vendor/laravel/framework/src/Illuminate/Session/Middleware/StartSession.php(120): Illuminate/Pipeline/Pipeline->Illuminate/Pipeline/{closure}(Object(Illuminate/Http/Request))
#35 D:/merobiz-os/merobiz-os/api/vendor/laravel/framework/src/Illuminate/Session/Middleware/StartSession.php(63): Illuminate/Session/Middleware/StartSession->handleStatefulRequest(Object(Illuminate/Http/Request), Object(Illuminate/Session/Store), Object(Closure))
#36 D:/merobiz-os/merobiz-os/api/vendor/laravel/framework/src/Illuminate/Pipeline/Pipeline.php(219): Illuminate/Session/Middleware/StartSession->handle(Object(Illuminate/Http/Request), Object(Closure))
#37 D:/merobiz-os/merobiz-os/api/vendor/laravel/framework/src/Illuminate/Cookie/Middleware/AddQueuedCookiesToResponse.php(36): Illuminate/Pipeline/Pipeline->Illuminate/Pipeline/{closure}(Object(Illuminate/Http/Request))
#38 D:/merobiz-os/merobiz-os/api/vendor/laravel/framework/src/Illuminate/Pipeline/Pipeline.php(219): Illuminate/Cookie/Middleware/AddQueuedCookiesToResponse->handle(Object(Illuminate/Http/Request), Object(Closure))
#39 D:/merobiz-os/merobiz-os/api/vendor/laravel/framework/src/Illuminate/Cookie/Middleware/EncryptCookies.php(74): Illuminate/Pipeline/Pipeline->Illuminate/Pipeline/{closure}(Object(Illuminate/Http/Request))
#40 D:/merobiz-os/merobiz-os/api/vendor/laravel/framework/src/Illuminate/Pipeline/Pipeline.php(219): Illuminate/Cookie/Middleware/EncryptCookies->handle(Object(Illuminate/Http/Request), Object(Closure))
#41 D:/merobiz-os/merobiz-os/api/vendor/laravel/sanctum/src/Http/Middleware/EnsureFrontendRequestsAreStateful.php(61): Illuminate/Pipeline/Pipeline->Illuminate/Pipeline/{closure}(Object(Illuminate/Http/Request))
#42 D:/merobiz-os/merobiz-os/api/vendor/laravel/framework/src/Illuminate/Pipeline/Pipeline.php(201): Laravel/Sanctum/Http/Middleware/EnsureFrontendRequestsAreStateful->Laravel/Sanctum/Http/Middleware/{closure}(Object(Illuminate/Http/Request), Object(Closure))
#43 D:/merobiz-os/merobiz-os/api/vendor/laravel/framework/src/Illuminate/Pipeline/Pipeline.php(137): Illuminate/Pipeline/Pipeline->Illuminate/Pipeline/{closure}(Object(Illuminate/Http/Request))
#44 D:/merobiz-os/merobiz-os/api/vendor/laravel/sanctum/src/Http/Middleware/EnsureFrontendRequestsAreStateful.php(25): Illuminate/Pipeline/Pipeline->then(Object(Closure))
#45 D:/merobiz-os/merobiz-os/api/vendor/laravel/framework/src/Illuminate/Pipeline/Pipeline.php(219): Laravel/Sanctum/Http/Middleware/EnsureFrontendRequestsAreStateful->handle(Object(Illuminate/Http/Request), Object(Closure))
#46 D:/merobiz-os/merobiz-os/api/vendor/laravel/framework/src/Illuminate/Pipeline/Pipeline.php(137): Illuminate/Pipeline/Pipeline->Illuminate/Pipeline/{closure}(Object(Illuminate/Http/Request))
#47 D:/merobiz-os/merobiz-os/api/vendor/laravel/framework/src/Illuminate/Routing/Router.php(821): Illuminate/Pipeline/Pipeline->then(Object(Closure))
#48 D:/merobiz-os/merobiz-os/api/vendor/laravel/framework/src/Illuminate/Routing/Router.php(800): Illuminate/Routing/Router->runRouteWithinStack(Object(Illuminate/Routing/Route), Object(Illuminate/Http/Request))
#49 D:/merobiz-os/merobiz-os/api/vendor/laravel/framework/src/Illuminate/Routing/Router.php(764): Illuminate/Routing/Router->runRoute(Object(Illuminate/Http/Request), Object(Illuminate/Routing/Route))
#50 D:/merobiz-os/merobiz-os/api/vendor/laravel/framework/src/Illuminate/Routing/Router.php(753): Illuminate/Routing/Router->dispatchToRoute(Object(Illuminate/Http/Request))
#51 D:/merobiz-os/merobiz-os/api/vendor/laravel/framework/src/Illuminate/Foundation/Http/Kernel.php(200): Illuminate/Routing/Router->dispatch(Object(Illuminate/Http/Request))
#52 D:/merobiz-os/merobiz-os/api/vendor/laravel/framework/src/Illuminate/Pipeline/Pipeline.php(180): Illuminate/Foundation/Http/Kernel->Illuminate/Foundation/Http/{closure}(Object(Illuminate/Http/Request))
#53 D:/merobiz-os/merobiz-os/api/vendor/laravel/framework/src/Illuminate/Foundation/Http/Middleware/TransformsRequest.php(21): Illuminate/Pipeline/Pipeline->Illuminate/Pipeline/{closure}(Object(Illuminate/Http/Request))
#54 D:/merobiz-os/merobiz-os/api/vendor/laravel/framework/src/Illuminate/Foundation/Http/Middleware/ConvertEmptyStringsToNull.php(31): Illuminate/Foundation/Http/Middleware/TransformsRequest->handle(Object(Illuminate/Http/Request), Object(Closure))
#55 D:/merobiz-os/merobiz-os/api/vendor/laravel/framework/src/Illuminate/Pipeline/Pipeline.php(219): Illuminate/Foundation/Http/Middleware/ConvertEmptyStringsToNull->handle(Object(Illuminate/Http/Request), Object(Closure))
#56 D:/merobiz-os/merobiz-os/api/vendor/laravel/framework/src/Illuminate/Foundation/Http/Middleware/TransformsRequest.php(21): Illuminate/Pipeline/Pipeline->Illuminate/Pipeline/{closure}(Object(Illuminate/Http/Request))
#57 D:/merobiz-os/merobiz-os/api/vendor/laravel/framework/src/Illuminate/Foundation/Http/Middleware/TrimStrings.php(51): Illuminate/Foundation/Http/Middleware/TransformsRequest->handle(Object(Illuminate/Http/Request), Object(Closure))
#58 D:/merobiz-os/merobiz-os/api/vendor/laravel/framework/src/Illuminate/Pipeline/Pipeline.php(219): Illuminate/Foundation/Http/Middleware/TrimStrings->handle(Object(Illuminate/Http/Request), Object(Closure))
#59 D:/merobiz-os/merobiz-os/api/vendor/laravel/framework/src/Illuminate/Http/Middleware/ValidatePostSize.php(27): Illuminate/Pipeline/Pipeline->Illuminate/Pipeline/{closure}(Object(Illuminate/Http/Request))
#60 D:/merobiz-os/merobiz-os/api/vendor/laravel/framework/src/Illuminate/Pipeline/Pipeline.php(219): Illuminate/Http/Middleware/ValidatePostSize->handle(Object(Illuminate/Http/Request), Object(Closure))
#61 D:/merobiz-os/merobiz-os/api/vendor/laravel/framework/src/Illuminate/Foundation/Http/Middleware/PreventRequestsDuringMaintenance.php(110): Illuminate/Pipeline/Pipeline->Illuminate/Pipeline/{closure}(Object(Illuminate/Http/Request))
#62 D:/merobiz-os/merobiz-os/api/vendor/laravel/framework/src/Illuminate/Pipeline/Pipeline.php(219): Illuminate/Foundation/Http/Middleware/PreventRequestsDuringMaintenance->handle(Object(Illuminate/Http/Request), Object(Closure))
#63 D:/merobiz-os/merobiz-os/api/vendor/laravel/framework/src/Illuminate/Http/Middleware/HandleCors.php(74): Illuminate/Pipeline/Pipeline->Illuminate/Pipeline/{closure}(Object(Illuminate/Http/Request))
#64 D:/merobiz-os/merobiz-os/api/vendor/laravel/framework/src/Illuminate/Pipeline/Pipeline.php(219): Illuminate/Http/Middleware/HandleCors->handle(Object(Illuminate/Http/Request), Object(Closure))
#65 D:/merobiz-os/merobiz-os/api/vendor/laravel/framework/src/Illuminate/Http/Middleware/TrustProxies.php(58): Illuminate/Pipeline/Pipeline->Illuminate/Pipeline/{closure}(Object(Illuminate/Http/Request))
#66 D:/merobiz-os/merobiz-os/api/vendor/laravel/framework/src/Illuminate/Pipeline/Pipeline.php(219): Illuminate/Http/Middleware/TrustProxies->handle(Object(Illuminate/Http/Request), Object(Closure))
#67 D:/merobiz-os/merobiz-os/api/vendor/laravel/framework/src/Illuminate/Foundation/Http/Middleware/InvokeDeferredCallbacks.php(22): Illuminate/Pipeline/Pipeline->Illuminate/Pipeline/{closure}(Object(Illuminate/Http/Request))
#68 D:/merobiz-os/merobiz-os/api/vendor/laravel/framework/src/Illuminate/Pipeline/Pipeline.php(219): Illuminate/Foundation/Http/Middleware/InvokeDeferredCallbacks->handle(Object(Illuminate/Http/Request), Object(Closure))
#69 D:/merobiz-os/merobiz-os/api/vendor/laravel/framework/src/Illuminate/Http/Middleware/ValidatePathEncoding.php(28): Illuminate/Pipeline/Pipeline->Illuminate/Pipeline/{closure}(Object(Illuminate/Http/Request))
#70 D:/merobiz-os/merobiz-os/api/vendor/laravel/framework/src/Illuminate/Pipeline/Pipeline.php(219): Illuminate/Http/Middleware/ValidatePathEncoding->handle(Object(Illuminate/Http/Request), Object(Closure))
#71 D:/merobiz-os/merobiz-os/api/vendor/laravel/framework/src/Illuminate/Pipeline/Pipeline.php(137): Illuminate/Pipeline/Pipeline->Illuminate/Pipeline/{closure}(Object(Illuminate/Http/Request))
#72 D:/merobiz-os/merobiz-os/api/vendor/laravel/framework/src/Illuminate/Foundation/Http/Kernel.php(175): Illuminate/Pipeline/Pipeline->then(Object(Closure))
#73 D:/merobiz-os/merobiz-os/api/vendor/laravel/framework/src/Illuminate/Foundation/Http/Kernel.php(144): Illuminate/Foundation/Http/Kernel->sendRequestThroughRouter(Object(Illuminate/Http/Request))
#74 D:/merobiz-os/merobiz-os/api/vendor/laravel/framework/src/Illuminate/Foundation/Application.php(1227): Illuminate/Foundation/Http/Kernel->handle(Object(Illuminate/Http/Request))
#75 D:/merobiz-os/merobiz-os/api/public/index.php(17): Illuminate/Foundation/Application->handleRequest(Object(Illuminate/Http/Request))
#76 D:/merobiz-os/merobiz-os/api/vendor/laravel/framework/src/Illuminate/Foundation/resources/server.php(23): require_once('D://merobiz-os//m...')
#77 {main}
"} 
[2026-09-02 23:17:55] local.ERROR: Attempted to lazy load [taxEntity] on model [App\Models\Business] but lazy loading is disabled. {"userId":1,"exception":"[object] (Illuminate\\Database\\LazyLoadingViolationException(code: 0): Attempted to lazy load [taxEntity] on model [App\\Models\\Business] but lazy loading is disabled. at D:/merobiz-os/merobiz-os/api/vendor/laravel/framework/src/Illuminate/Database/Eloquent/Concerns/HasAttributes.php:624)
[stacktrace]
#0 D:/merobiz-os/merobiz-os/api/vendor/laravel/framework/src/Illuminate/Database/Eloquent/Concerns/HasAttributes.php(581): Illuminate/Database/Eloquent/Model->handleLazyLoadingViolation('taxEntity')
#1 D:/merobiz-os/merobiz-os/api/vendor/laravel/framework/src/Illuminate/Database/Eloquent/Concerns/HasAttributes.php(506): Illuminate/Database/Eloquent/Model->getRelationValue('taxEntity')
#2 D:/merobiz-os/merobiz-os/api/vendor/laravel/framework/src/Illuminate/Database/Eloquent/Model.php(2754): Illuminate/Database/Eloquent/Model->getAttribute('taxEntity')
#3 D:/merobiz-os/merobiz-os/api/vendor/laravel/framework/src/Illuminate/Http/Resources/DelegatesToResource.php(139): Illuminate/Database/Eloquent/Model->__get('taxEntity')
#4 D:/merobiz-os/merobiz-os/api/app/Http/Resources/BusinessResource.php(32): Illuminate/Http/Resources/Json/JsonResource->__get('taxEntity')
#5 D:/merobiz-os/merobiz-os/api/vendor/laravel/framework/src/Illuminate/Http/Resources/Json/JsonResource.php(147): App/Http/Resources/BusinessResource->toArray(Object(Illuminate/Http/Request))
#6 D:/merobiz-os/merobiz-os/api/vendor/laravel/framework/src/Illuminate/Http/Resources/Json/JsonResource.php(158): Illuminate/Http/Resources/Json/JsonResource->toAttributes(Object(Illuminate/Http/Request))
#7 D:/merobiz-os/merobiz-os/api/vendor/laravel/framework/src/Illuminate/Http/Resources/Json/JsonResource.php(122): Illuminate/Http/Resources/Json/JsonResource->resolveResourceData(Object(Illuminate/Http/Request))
#8 D:/merobiz-os/merobiz-os/api/vendor/laravel/framework/src/Illuminate/Collections/HigherOrderCollectionProxy.php(66): Illuminate/Http/Resources/Json/JsonResource->resolve(Object(Illuminate/Http/Request))
#9 [internal function]: Illuminate/Support/HigherOrderCollectionProxy->Illuminate/Support/{closure}(Object(App/Http/Resources/BusinessResource), 0)
#10 D:/merobiz-os/merobiz-os/api/vendor/laravel/framework/src/Illuminate/Collections/Arr.php(858): array_map(Object(Closure), Array, Array)
#11 D:/merobiz-os/merobiz-os/api/vendor/laravel/framework/src/Illuminate/Collections/Collection.php(831): Illuminate/Support/Arr::map(Array, Object(Closure))
#12 D:/merobiz-os/merobiz-os/api/vendor/laravel/framework/src/Illuminate/Collections/HigherOrderCollectionProxy.php(63): Illuminate/Support/Collection->map(Object(Closure))
#13 D:/merobiz-os/merobiz-os/api/vendor/laravel/framework/src/Illuminate/Http/Resources/Json/ResourceCollection.php(103): Illuminate/Support/HigherOrderCollectionProxy->__call('resolve', Array)
#14 D:/merobiz-os/merobiz-os/api/vendor/laravel/framework/src/Illuminate/Http/Resources/Json/JsonResource.php(147): Illuminate/Http/Resources/Json/ResourceCollection->toArray(Object(Illuminate/Http/Request))
#15 D:/merobiz-os/merobiz-os/api/vendor/laravel/framework/src/Illuminate/Http/Resources/Json/JsonResource.php(158): Illuminate/Http/Resources/Json/JsonResource->toAttributes(Object(Illuminate/Http/Request))
#16 D:/merobiz-os/merobiz-os/api/vendor/laravel/framework/src/Illuminate/Http/Resources/Json/JsonResource.php(122): Illuminate/Http/Resources/Json/JsonResource->resolveResourceData(Object(Illuminate/Http/Request))
#17 D:/merobiz-os/merobiz-os/api/vendor/laravel/framework/src/Illuminate/Http/Resources/Json/ResourceResponse.php(38): Illuminate/Http/Resources/Json/JsonResource->resolve(Object(Illuminate/Http/Request))
#18 D:/merobiz-os/merobiz-os/api/vendor/laravel/framework/src/Illuminate/Http/Resources/Json/JsonResource.php(308): Illuminate/Http/Resources/Json/ResourceResponse->toResponse(Object(Illuminate/Http/Request))
#19 D:/merobiz-os/merobiz-os/api/vendor/laravel/framework/src/Illuminate/Http/Resources/Json/ResourceCollection.php(121): Illuminate/Http/Resources/Json/JsonResource->toResponse(Object(Illuminate/Http/Request))
#20 D:/merobiz-os/merobiz-os/api/vendor/laravel/framework/src/Illuminate/Routing/Router.php(921): Illuminate/Http/Resources/Json/ResourceCollection->toResponse(Object(Illuminate/Http/Request))
#21 D:/merobiz-os/merobiz-os/api/vendor/laravel/framework/src/Illuminate/Routing/Router.php(906): Illuminate/Routing/Router::toResponse(Object(Illuminate/Http/Request), Object(Illuminate/Http/Resources/Json/AnonymousResourceCollection))
#22 D:/merobiz-os/merobiz-os/api/vendor/laravel/framework/src/Illuminate/Routing/Router.php(821): Illuminate/Routing/Router->prepareResponse(Object(Illuminate/Http/Request), Object(Illuminate/Http/Resources/Json/AnonymousResourceCollection))
#23 D:/merobiz-os/merobiz-os/api/vendor/laravel/framework/src/Illuminate/Pipeline/Pipeline.php(180): Illuminate/Routing/Router->Illuminate/Routing/{closure}(Object(Illuminate/Http/Request))
#24 D:/merobiz-os/merobiz-os/api/vendor/laravel/framework/src/Illuminate/Routing/Middleware/SubstituteBindings.php(52): Illuminate/Pipeline/Pipeline->Illuminate/Pipeline/{closure}(Object(Illuminate/Http/Request))
#25 D:/merobiz-os/merobiz-os/api/vendor/laravel/framework/src/Illuminate/Pipeline/Pipeline.php(219): Illuminate/Routing/Middleware/SubstituteBindings->handle(Object(Illuminate/Http/Request), Object(Closure))
#26 D:/merobiz-os/merobiz-os/api/vendor/laravel/framework/src/Illuminate/Auth/Middleware/Authenticate.php(63): Illuminate/Pipeline/Pipeline->Illuminate/Pipeline/{closure}(Object(Illuminate/Http/Request))
#27 D:/merobiz-os/merobiz-os/api/vendor/laravel/framework/src/Illuminate/Pipeline/Pipeline.php(219): Illuminate/Auth/Middleware/Authenticate->handle(Object(Illuminate/Http/Request), Object(Closure), 'sanctum')
#28 D:/merobiz-os/merobiz-os/api/vendor/laravel/sanctum/src/Http/Middleware/EnsureFrontendRequestsAreStateful.php(26): Illuminate/Pipeline/Pipeline->Illuminate/Pipeline/{closure}(Object(Illuminate/Http/Request))
#29 D:/merobiz-os/merobiz-os/api/vendor/laravel/framework/src/Illuminate/Pipeline/Pipeline.php(180): Laravel/Sanctum/Http/Middleware/EnsureFrontendRequestsAreStateful->Laravel/Sanctum/Http/Middleware/{closure}(Object(Illuminate/Http/Request))
#30 D:/merobiz-os/merobiz-os/api/vendor/laravel/sanctum/src/Http/Middleware/AuthenticateSession.php(60): Illuminate/Pipeline/Pipeline->Illuminate/Pipeline/{closure}(Object(Illuminate/Http/Request))
#31 D:/merobiz-os/merobiz-os/api/vendor/laravel/framework/src/Illuminate/Pipeline/Pipeline.php(219): Laravel/Sanctum/Http/Middleware/AuthenticateSession->handle(Object(Illuminate/Http/Request), Object(Closure))
#32 D:/merobiz-os/merobiz-os/api/vendor/laravel/framework/src/Illuminate/Foundation/Http/Middleware/PreventRequestForgery.php(104): Illuminate/Pipeline/Pipeline->Illuminate/Pipeline/{closure}(Object(Illuminate/Http/Request))
#33 D:/merobiz-os/merobiz-os/api/vendor/laravel/framework/src/Illuminate/Pipeline/Pipeline.php(219): Illuminate/Foundation/Http/Middleware/PreventRequestForgery->handle(Object(Illuminate/Http/Request), Object(Closure))
#34 D:/merobiz-os/merobiz-os/api/vendor/laravel/framework/src/Illuminate/Session/Middleware/StartSession.php(120): Illuminate/Pipeline/Pipeline->Illuminate/Pipeline/{closure}(Object(Illuminate/Http/Request))
#35 D:/merobiz-os/merobiz-os/api/vendor/laravel/framework/src/Illuminate/Session/Middleware/StartSession.php(63): Illuminate/Session/Middleware/StartSession->handleStatefulRequest(Object(Illuminate/Http/Request), Object(Illuminate/Session/Store), Object(Closure))
#36 D:/merobiz-os/merobiz-os/api/vendor/laravel/framework/src/Illuminate/Pipeline/Pipeline.php(219): Illuminate/Session/Middleware/StartSession->handle(Object(Illuminate/Http/Request), Object(Closure))
#37 D:/merobiz-os/merobiz-os/api/vendor/laravel/framework/src/Illuminate/Cookie/Middleware/AddQueuedCookiesToResponse.php(36): Illuminate/Pipeline/Pipeline->Illuminate/Pipeline/{closure}(Object(Illuminate/Http/Request))
#38 D:/merobiz-os/merobiz-os/api/vendor/laravel/framework/src/Illuminate/Pipeline/Pipeline.php(219): Illuminate/Cookie/Middleware/AddQueuedCookiesToResponse->handle(Object(Illuminate/Http/Request), Object(Closure))
#39 D:/merobiz-os/merobiz-os/api/vendor/laravel/framework/src/Illuminate/Cookie/Middleware/EncryptCookies.php(74): Illuminate/Pipeline/Pipeline->Illuminate/Pipeline/{closure}(Object(Illuminate/Http/Request))
#40 D:/merobiz-os/merobiz-os/api/vendor/laravel/framework/src/Illuminate/Pipeline/Pipeline.php(219): Illuminate/Cookie/Middleware/EncryptCookies->handle(Object(Illuminate/Http/Request), Object(Closure))
#41 D:/merobiz-os/merobiz-os/api/vendor/laravel/sanctum/src/Http/Middleware/EnsureFrontendRequestsAreStateful.php(61): Illuminate/Pipeline/Pipeline->Illuminate/Pipeline/{closure}(Object(Illuminate/Http/Request))
#42 D:/merobiz-os/merobiz-os/api/vendor/laravel/framework/src/Illuminate/Pipeline/Pipeline.php(201): Laravel/Sanctum/Http/Middleware/EnsureFrontendRequestsAreStateful->Laravel/Sanctum/Http/Middleware/{closure}(Object(Illuminate/Http/Request), Object(Closure))
#43 D:/merobiz-os/merobiz-os/api/vendor/laravel/framework/src/Illuminate/Pipeline/Pipeline.php(137): Illuminate/Pipeline/Pipeline->Illuminate/Pipeline/{closure}(Object(Illuminate/Http/Request))
#44 D:/merobiz-os/merobiz-os/api/vendor/laravel/sanctum/src/Http/Middleware/EnsureFrontendRequestsAreStateful.php(25): Illuminate/Pipeline/Pipeline->then(Object(Closure))
#45 D:/merobiz-os/merobiz-os/api/vendor/laravel/framework/src/Illuminate/Pipeline/Pipeline.php(219): Laravel/Sanctum/Http/Middleware/EnsureFrontendRequestsAreStateful->handle(Object(Illuminate/Http/Request), Object(Closure))
#46 D:/merobiz-os/merobiz-os/api/vendor/laravel/framework/src/Illuminate/Pipeline/Pipeline.php(137): Illuminate/Pipeline/Pipeline->Illuminate/Pipeline/{closure}(Object(Illuminate/Http/Request))
#47 D:/merobiz-os/merobiz-os/api/vendor/laravel/framework/src/Illuminate/Routing/Router.php(821): Illuminate/Pipeline/Pipeline->then(Object(Closure))
#48 D:/merobiz-os/merobiz-os/api/vendor/laravel/framework/src/Illuminate/Routing/Router.php(800): Illuminate/Routing/Router->runRouteWithinStack(Object(Illuminate/Routing/Route), Object(Illuminate/Http/Request))
#49 D:/merobiz-os/merobiz-os/api/vendor/laravel/framework/src/Illuminate/Routing/Router.php(764): Illuminate/Routing/Router->runRoute(Object(Illuminate/Http/Request), Object(Illuminate/Routing/Route))
#50 D:/merobiz-os/merobiz-os/api/vendor/laravel/framework/src/Illuminate/Routing/Router.php(753): Illuminate/Routing/Router->dispatchToRoute(Object(Illuminate/Http/Request))
#51 D:/merobiz-os/merobiz-os/api/vendor/laravel/framework/src/Illuminate/Foundation/Http/Kernel.php(200): Illuminate/Routing/Router->dispatch(Object(Illuminate/Http/Request))
#52 D:/merobiz-os/merobiz-os/api/vendor/laravel/framework/src/Illuminate/Pipeline/Pipeline.php(180): Illuminate/Foundation/Http/Kernel->Illuminate/Foundation/Http/{closure}(Object(Illuminate/Http/Request))
#53 D:/merobiz-os/merobiz-os/api/vendor/laravel/framework/src/Illuminate/Foundation/Http/Middleware/TransformsRequest.php(21): Illuminate/Pipeline/Pipeline->Illuminate/Pipeline/{closure}(Object(Illuminate/Http/Request))
#54 D:/merobiz-os/merobiz-os/api/vendor/laravel/framework/src/Illuminate/Foundation/Http/Middleware/ConvertEmptyStringsToNull.php(31): Illuminate/Foundation/Http/Middleware/TransformsRequest->handle(Object(Illuminate/Http/Request), Object(Closure))
#55 D:/merobiz-os/merobiz-os/api/vendor/laravel/framework/src/Illuminate/Pipeline/Pipeline.php(219): Illuminate/Foundation/Http/Middleware/ConvertEmptyStringsToNull->handle(Object(Illuminate/Http/Request), Object(Closure))
#56 D:/merobiz-os/merobiz-os/api/vendor/laravel/framework/src/Illuminate/Foundation/Http/Middleware/TransformsRequest.php(21): Illuminate/Pipeline/Pipeline->Illuminate/Pipeline/{closure}(Object(Illuminate/Http/Request))
#57 D:/merobiz-os/merobiz-os/api/vendor/laravel/framework/src/Illuminate/Foundation/Http/Middleware/TrimStrings.php(51): Illuminate/Foundation/Http/Middleware/TransformsRequest->handle(Object(Illuminate/Http/Request), Object(Closure))
#58 D:/merobiz-os/merobiz-os/api/vendor/laravel/framework/src/Illuminate/Pipeline/Pipeline.php(219): Illuminate/Foundation/Http/Middleware/TrimStrings->handle(Object(Illuminate/Http/Request), Object(Closure))
#59 D:/merobiz-os/merobiz-os/api/vendor/laravel/framework/src/Illuminate/Http/Middleware/ValidatePostSize.php(27): Illuminate/Pipeline/Pipeline->Illuminate/Pipeline/{closure}(Object(Illuminate/Http/Request))
#60 D:/merobiz-os/merobiz-os/api/vendor/laravel/framework/src/Illuminate/Pipeline/Pipeline.php(219): Illuminate/Http/Middleware/ValidatePostSize->handle(Object(Illuminate/Http/Request), Object(Closure))
#61 D:/merobiz-os/merobiz-os/api/vendor/laravel/framework/src/Illuminate/Foundation/Http/Middleware/PreventRequestsDuringMaintenance.php(110): Illuminate/Pipeline/Pipeline->Illuminate/Pipeline/{closure}(Object(Illuminate/Http/Request))
#62 D:/merobiz-os/merobiz-os/api/vendor/laravel/framework/src/Illuminate/Pipeline/Pipeline.php(219): Illuminate/Foundation/Http/Middleware/PreventRequestsDuringMaintenance->handle(Object(Illuminate/Http/Request), Object(Closure))
#63 D:/merobiz-os/merobiz-os/api/vendor/laravel/framework/src/Illuminate/Http/Middleware/HandleCors.php(74): Illuminate/Pipeline/Pipeline->Illuminate/Pipeline/{closure}(Object(Illuminate/Http/Request))
#64 D:/merobiz-os/merobiz-os/api/vendor/laravel/framework/src/Illuminate/Pipeline/Pipeline.php(219): Illuminate/Http/Middleware/HandleCors->handle(Object(Illuminate/Http/Request), Object(Closure))
#65 D:/merobiz-os/merobiz-os/api/vendor/laravel/framework/src/Illuminate/Http/Middleware/TrustProxies.php(58): Illuminate/Pipeline/Pipeline->Illuminate/Pipeline/{closure}(Object(Illuminate/Http/Request))
#66 D:/merobiz-os/merobiz-os/api/vendor/laravel/framework/src/Illuminate/Pipeline/Pipeline.php(219): Illuminate/Http/Middleware/TrustProxies->handle(Object(Illuminate/Http/Request), Object(Closure))
#67 D:/merobiz-os/merobiz-os/api/vendor/laravel/framework/src/Illuminate/Foundation/Http/Middleware/InvokeDeferredCallbacks.php(22): Illuminate/Pipeline/Pipeline->Illuminate/Pipeline/{closure}(Object(Illuminate/Http/Request))
#68 D:/merobiz-os/merobiz-os/api/vendor/laravel/framework/src/Illuminate/Pipeline/Pipeline.php(219): Illuminate/Foundation/Http/Middleware/InvokeDeferredCallbacks->handle(Object(Illuminate/Http/Request), Object(Closure))
#69 D:/merobiz-os/merobiz-os/api/vendor/laravel/framework/src/Illuminate/Http/Middleware/ValidatePathEncoding.php(28): Illuminate/Pipeline/Pipeline->Illuminate/Pipeline/{closure}(Object(Illuminate/Http/Request))
#70 D:/merobiz-os/merobiz-os/api/vendor/laravel/framework/src/Illuminate/Pipeline/Pipeline.php(219): Illuminate/Http/Middleware/ValidatePathEncoding->handle(Object(Illuminate/Http/Request), Object(Closure))
#71 D:/merobiz-os/merobiz-os/api/vendor/laravel/framework/src/Illuminate/Pipeline/Pipeline.php(137): Illuminate/Pipeline/Pipeline->Illuminate/Pipeline/{closure}(Object(Illuminate/Http/Request))
#72 D:/merobiz-os/merobiz-os/api/vendor/laravel/framework/src/Illuminate/Foundation/Http/Kernel.php(175): Illuminate/Pipeline/Pipeline->then(Object(Closure))
#73 D:/merobiz-os/merobiz-os/api/vendor/laravel/framework/src/Illuminate/Foundation/Http/Kernel.php(144): Illuminate/Foundation/Http/Kernel->sendRequestThroughRouter(Object(Illuminate/Http/Request))
#74 D:/merobiz-os/merobiz-os/api/vendor/laravel/framework/src/Illuminate/Foundation/Application.php(1227): Illuminate/Foundation/Http/Kernel->handle(Object(Illuminate/Http/Request))
#75 D:/merobiz-os/merobiz-os/api/public/index.php(17): Illuminate/Foundation/Application->handleRequest(Object(Illuminate/Http/Request))
#76 D:/merobiz-os/merobiz-os/api/vendor/laravel/framework/src/Illuminate/Foundation/resources/server.php(23): require_once('D://merobiz-os//m...')
#77 {main}
"} 
[2026-09-02 23:17:56] local.ERROR: Attempted to lazy load [taxEntity] on model [App\Models\Business] but lazy loading is disabled. {"userId":1,"exception":"[object] (Illuminate\\Database\\LazyLoadingViolationException(code: 0): Attempted to lazy load [taxEntity] on model [App\\Models\\Business] but lazy loading is disabled. at D:/merobiz-os/merobiz-os/api/vendor/laravel/framework/src/Illuminate/Database/Eloquent/Concerns/HasAttributes.php:624)
[stacktrace]
#0 D:/merobiz-os/merobiz-os/api/vendor/laravel/framework/src/Illuminate/Database/Eloquent/Concerns/HasAttributes.php(581): Illuminate/Database/Eloquent/Model->handleLazyLoadingViolation('taxEntity')
#1 D:/merobiz-os/merobiz-os/api/vendor/laravel/framework/src/Illuminate/Database/Eloquent/Concerns/HasAttributes.php(506): Illuminate/Database/Eloquent/Model->getRelationValue('taxEntity')
#2 D:/merobiz-os/merobiz-os/api/vendor/laravel/framework/src/Illuminate/Database/Eloquent/Model.php(2754): Illuminate/Database/Eloquent/Model->getAttribute('taxEntity')
#3 D:/merobiz-os/merobiz-os/api/vendor/laravel/framework/src/Illuminate/Http/Resources/DelegatesToResource.php(139): Illuminate/Database/Eloquent/Model->__get('taxEntity')
#4 D:/merobiz-os/merobiz-os/api/app/Http/Resources/BusinessResource.php(32): Illuminate/Http/Resources/Json/JsonResource->__get('taxEntity')
#5 D:/merobiz-os/merobiz-os/api/vendor/laravel/framework/src/Illuminate/Http/Resources/Json/JsonResource.php(147): App/Http/Resources/BusinessResource->toArray(Object(Illuminate/Http/Request))
#6 D:/merobiz-os/merobiz-os/api/vendor/laravel/framework/src/Illuminate/Http/Resources/Json/JsonResource.php(158): Illuminate/Http/Resources/Json/JsonResource->toAttributes(Object(Illuminate/Http/Request))
#7 D:/merobiz-os/merobiz-os/api/vendor/laravel/framework/src/Illuminate/Http/Resources/Json/JsonResource.php(122): Illuminate/Http/Resources/Json/JsonResource->resolveResourceData(Object(Illuminate/Http/Request))
#8 D:/merobiz-os/merobiz-os/api/vendor/laravel/framework/src/Illuminate/Collections/HigherOrderCollectionProxy.php(66): Illuminate/Http/Resources/Json/JsonResource->resolve(Object(Illuminate/Http/Request))
#9 [internal function]: Illuminate/Support/HigherOrderCollectionProxy->Illuminate/Support/{closure}(Object(App/Http/Resources/BusinessResource), 0)
#10 D:/merobiz-os/merobiz-os/api/vendor/laravel/framework/src/Illuminate/Collections/Arr.php(858): array_map(Object(Closure), Array, Array)
#11 D:/merobiz-os/merobiz-os/api/vendor/laravel/framework/src/Illuminate/Collections/Collection.php(831): Illuminate/Support/Arr::map(Array, Object(Closure))
#12 D:/merobiz-os/merobiz-os/api/vendor/laravel/framework/src/Illuminate/Collections/HigherOrderCollectionProxy.php(63): Illuminate/Support/Collection->map(Object(Closure))
#13 D:/merobiz-os/merobiz-os/api/vendor/laravel/framework/src/Illuminate/Http/Resources/Json/ResourceCollection.php(103): Illuminate/Support/HigherOrderCollectionProxy->__call('resolve', Array)
#14 D:/merobiz-os/merobiz-os/api/vendor/laravel/framework/src/Illuminate/Http/Resources/Json/JsonResource.php(147): Illuminate/Http/Resources/Json/ResourceCollection->toArray(Object(Illuminate/Http/Request))
#15 D:/merobiz-os/merobiz-os/api/vendor/laravel/framework/src/Illuminate/Http/Resources/Json/JsonResource.php(158): Illuminate/Http/Resources/Json/JsonResource->toAttributes(Object(Illuminate/Http/Request))
#16 D:/merobiz-os/merobiz-os/api/vendor/laravel/framework/src/Illuminate/Http/Resources/Json/JsonResource.php(122): Illuminate/Http/Resources/Json/JsonResource->resolveResourceData(Object(Illuminate/Http/Request))
#17 D:/merobiz-os/merobiz-os/api/vendor/laravel/framework/src/Illuminate/Http/Resources/Json/ResourceResponse.php(38): Illuminate/Http/Resources/Json/JsonResource->resolve(Object(Illuminate/Http/Request))
#18 D:/merobiz-os/merobiz-os/api/vendor/laravel/framework/src/Illuminate/Http/Resources/Json/JsonResource.php(308): Illuminate/Http/Resources/Json/ResourceResponse->toResponse(Object(Illuminate/Http/Request))
#19 D:/merobiz-os/merobiz-os/api/vendor/laravel/framework/src/Illuminate/Http/Resources/Json/ResourceCollection.php(121): Illuminate/Http/Resources/Json/JsonResource->toResponse(Object(Illuminate/Http/Request))
#20 D:/merobiz-os/merobiz-os/api/vendor/laravel/framework/src/Illuminate/Routing/Router.php(921): Illuminate/Http/Resources/Json/ResourceCollection->toResponse(Object(Illuminate/Http/Request))
#21 D:/merobiz-os/merobiz-os/api/vendor/laravel/framework/src/Illuminate/Routing/Router.php(906): Illuminate/Routing/Router::toResponse(Object(Illuminate/Http/Request), Object(Illuminate/Http/Resources/Json/AnonymousResourceCollection))
#22 D:/merobiz-os/merobiz-os/api/vendor/laravel/framework/src/Illuminate/Routing/Router.php(821): Illuminate/Routing/Router->prepareResponse(Object(Illuminate/Http/Request), Object(Illuminate/Http/Resources/Json/AnonymousResourceCollection))
#23 D:/merobiz-os/merobiz-os/api/vendor/laravel/framework/src/Illuminate/Pipeline/Pipeline.php(180): Illuminate/Routing/Router->Illuminate/Routing/{closure}(Object(Illuminate/Http/Request))
#24 D:/merobiz-os/merobiz-os/api/vendor/laravel/framework/src/Illuminate/Routing/Middleware/SubstituteBindings.php(52): Illuminate/Pipeline/Pipeline->Illuminate/Pipeline/{closure}(Object(Illuminate/Http/Request))
#25 D:/merobiz-os/merobiz-os/api/vendor/laravel/framework/src/Illuminate/Pipeline/Pipeline.php(219): Illuminate/Routing/Middleware/SubstituteBindings->handle(Object(Illuminate/Http/Request), Object(Closure))
#26 D:/merobiz-os/merobiz-os/api/vendor/laravel/framework/src/Illuminate/Auth/Middleware/Authenticate.php(63): Illuminate/Pipeline/Pipeline->Illuminate/Pipeline/{closure}(Object(Illuminate/Http/Request))
#27 D:/merobiz-os/merobiz-os/api/vendor/laravel/framework/src/Illuminate/Pipeline/Pipeline.php(219): Illuminate/Auth/Middleware/Authenticate->handle(Object(Illuminate/Http/Request), Object(Closure), 'sanctum')
#28 D:/merobiz-os/merobiz-os/api/vendor/laravel/sanctum/src/Http/Middleware/EnsureFrontendRequestsAreStateful.php(26): Illuminate/Pipeline/Pipeline->Illuminate/Pipeline/{closure}(Object(Illuminate/Http/Request))
#29 D:/merobiz-os/merobiz-os/api/vendor/laravel/framework/src/Illuminate/Pipeline/Pipeline.php(180): Laravel/Sanctum/Http/Middleware/EnsureFrontendRequestsAreStateful->Laravel/Sanctum/Http/Middleware/{closure}(Object(Illuminate/Http/Request))
#30 D:/merobiz-os/merobiz-os/api/vendor/laravel/sanctum/src/Http/Middleware/AuthenticateSession.php(60): Illuminate/Pipeline/Pipeline->Illuminate/Pipeline/{closure}(Object(Illuminate/Http/Request))
#31 D:/merobiz-os/merobiz-os/api/vendor/laravel/framework/src/Illuminate/Pipeline/Pipeline.php(219): Laravel/Sanctum/Http/Middleware/AuthenticateSession->handle(Object(Illuminate/Http/Request), Object(Closure))
#32 D:/merobiz-os/merobiz-os/api/vendor/laravel/framework/src/Illuminate/Foundation/Http/Middleware/PreventRequestForgery.php(104): Illuminate/Pipeline/Pipeline->Illuminate/Pipeline/{closure}(Object(Illuminate/Http/Request))
#33 D:/merobiz-os/merobiz-os/api/vendor/laravel/framework/src/Illuminate/Pipeline/Pipeline.php(219): Illuminate/Foundation/Http/Middleware/PreventRequestForgery->handle(Object(Illuminate/Http/Request), Object(Closure))
#34 D:/merobiz-os/merobiz-os/api/vendor/laravel/framework/src/Illuminate/Session/Middleware/StartSession.php(120): Illuminate/Pipeline/Pipeline->Illuminate/Pipeline/{closure}(Object(Illuminate/Http/Request))
#35 D:/merobiz-os/merobiz-os/api/vendor/laravel/framework/src/Illuminate/Session/Middleware/StartSession.php(63): Illuminate/Session/Middleware/StartSession->handleStatefulRequest(Object(Illuminate/Http/Request), Object(Illuminate/Session/Store), Object(Closure))
#36 D:/merobiz-os/merobiz-os/api/vendor/laravel/framework/src/Illuminate/Pipeline/Pipeline.php(219): Illuminate/Session/Middleware/StartSession->handle(Object(Illuminate/Http/Request), Object(Closure))
#37 D:/merobiz-os/merobiz-os/api/vendor/laravel/framework/src/Illuminate/Cookie/Middleware/AddQueuedCookiesToResponse.php(36): Illuminate/Pipeline/Pipeline->Illuminate/Pipeline/{closure}(Object(Illuminate/Http/Request))
#38 D:/merobiz-os/merobiz-os/api/vendor/laravel/framework/src/Illuminate/Pipeline/Pipeline.php(219): Illuminate/Cookie/Middleware/AddQueuedCookiesToResponse->handle(Object(Illuminate/Http/Request), Object(Closure))
#39 D:/merobiz-os/merobiz-os/api/vendor/laravel/framework/src/Illuminate/Cookie/Middleware/EncryptCookies.php(74): Illuminate/Pipeline/Pipeline->Illuminate/Pipeline/{closure}(Object(Illuminate/Http/Request))
#40 D:/merobiz-os/merobiz-os/api/vendor/laravel/framework/src/Illuminate/Pipeline/Pipeline.php(219): Illuminate/Cookie/Middleware/EncryptCookies->handle(Object(Illuminate/Http/Request), Object(Closure))
#41 D:/merobiz-os/merobiz-os/api/vendor/laravel/sanctum/src/Http/Middleware/EnsureFrontendRequestsAreStateful.php(61): Illuminate/Pipeline/Pipeline->Illuminate/Pipeline/{closure}(Object(Illuminate/Http/Request))
#42 D:/merobiz-os/merobiz-os/api/vendor/laravel/framework/src/Illuminate/Pipeline/Pipeline.php(201): Laravel/Sanctum/Http/Middleware/EnsureFrontendRequestsAreStateful->Laravel/Sanctum/Http/Middleware/{closure}(Object(Illuminate/Http/Request), Object(Closure))
#43 D:/merobiz-os/merobiz-os/api/vendor/laravel/framework/src/Illuminate/Pipeline/Pipeline.php(137): Illuminate/Pipeline/Pipeline->Illuminate/Pipeline/{closure}(Object(Illuminate/Http/Request))
#44 D:/merobiz-os/merobiz-os/api/vendor/laravel/sanctum/src/Http/Middleware/EnsureFrontendRequestsAreStateful.php(25): Illuminate/Pipeline/Pipeline->then(Object(Closure))
#45 D:/merobiz-os/merobiz-os/api/vendor/laravel/framework/src/Illuminate/Pipeline/Pipeline.php(219): Laravel/Sanctum/Http/Middleware/EnsureFrontendRequestsAreStateful->handle(Object(Illuminate/Http/Request), Object(Closure))
#46 D:/merobiz-os/merobiz-os/api/vendor/laravel/framework/src/Illuminate/Pipeline/Pipeline.php(137): Illuminate/Pipeline/Pipeline->Illuminate/Pipeline/{closure}(Object(Illuminate/Http/Request))
#47 D:/merobiz-os/merobiz-os/api/vendor/laravel/framework/src/Illuminate/Routing/Router.php(821): Illuminate/Pipeline/Pipeline->then(Object(Closure))
#48 D:/merobiz-os/merobiz-os/api/vendor/laravel/framework/src/Illuminate/Routing/Router.php(800): Illuminate/Routing/Router->runRouteWithinStack(Object(Illuminate/Routing/Route), Object(Illuminate/Http/Request))
#49 D:/merobiz-os/merobiz-os/api/vendor/laravel/framework/src/Illuminate/Routing/Router.php(764): Illuminate/Routing/Router->runRoute(Object(Illuminate/Http/Request), Object(Illuminate/Routing/Route))
#50 D:/merobiz-os/merobiz-os/api/vendor/laravel/framework/src/Illuminate/Routing/Router.php(753): Illuminate/Routing/Router->dispatchToRoute(Object(Illuminate/Http/Request))
#51 D:/merobiz-os/merobiz-os/api/vendor/laravel/framework/src/Illuminate/Foundation/Http/Kernel.php(200): Illuminate/Routing/Router->dispatch(Object(Illuminate/Http/Request))
#52 D:/merobiz-os/merobiz-os/api/vendor/laravel/framework/src/Illuminate/Pipeline/Pipeline.php(180): Illuminate/Foundation/Http/Kernel->Illuminate/Foundation/Http/{closure}(Object(Illuminate/Http/Request))
#53 D:/merobiz-os/merobiz-os/api/vendor/laravel/framework/src/Illuminate/Foundation/Http/Middleware/TransformsRequest.php(21): Illuminate/Pipeline/Pipeline->Illuminate/Pipeline/{closure}(Object(Illuminate/Http/Request))
#54 D:/merobiz-os/merobiz-os/api/vendor/laravel/framework/src/Illuminate/Foundation/Http/Middleware/ConvertEmptyStringsToNull.php(31): Illuminate/Foundation/Http/Middleware/TransformsRequest->handle(Object(Illuminate/Http/Request), Object(Closure))
#55 D:/merobiz-os/merobiz-os/api/vendor/laravel/framework/src/Illuminate/Pipeline/Pipeline.php(219): Illuminate/Foundation/Http/Middleware/ConvertEmptyStringsToNull->handle(Object(Illuminate/Http/Request), Object(Closure))
#56 D:/merobiz-os/merobiz-os/api/vendor/laravel/framework/src/Illuminate/Foundation/Http/Middleware/TransformsRequest.php(21): Illuminate/Pipeline/Pipeline->Illuminate/Pipeline/{closure}(Object(Illuminate/Http/Request))
#57 D:/merobiz-os/merobiz-os/api/vendor/laravel/framework/src/Illuminate/Foundation/Http/Middleware/TrimStrings.php(51): Illuminate/Foundation/Http/Middleware/TransformsRequest->handle(Object(Illuminate/Http/Request), Object(Closure))
#58 D:/merobiz-os/merobiz-os/api/vendor/laravel/framework/src/Illuminate/Pipeline/Pipeline.php(219): Illuminate/Foundation/Http/Middleware/TrimStrings->handle(Object(Illuminate/Http/Request), Object(Closure))
#59 D:/merobiz-os/merobiz-os/api/vendor/laravel/framework/src/Illuminate/Http/Middleware/ValidatePostSize.php(27): Illuminate/Pipeline/Pipeline->Illuminate/Pipeline/{closure}(Object(Illuminate/Http/Request))
#60 D:/merobiz-os/merobiz-os/api/vendor/laravel/framework/src/Illuminate/Pipeline/Pipeline.php(219): Illuminate/Http/Middleware/ValidatePostSize->handle(Object(Illuminate/Http/Request), Object(Closure))
#61 D:/merobiz-os/merobiz-os/api/vendor/laravel/framework/src/Illuminate/Foundation/Http/Middleware/PreventRequestsDuringMaintenance.php(110): Illuminate/Pipeline/Pipeline->Illuminate/Pipeline/{closure}(Object(Illuminate/Http/Request))
#62 D:/merobiz-os/merobiz-os/api/vendor/laravel/framework/src/Illuminate/Pipeline/Pipeline.php(219): Illuminate/Foundation/Http/Middleware/PreventRequestsDuringMaintenance->handle(Object(Illuminate/Http/Request), Object(Closure))
#63 D:/merobiz-os/merobiz-os/api/vendor/laravel/framework/src/Illuminate/Http/Middleware/HandleCors.php(74): Illuminate/Pipeline/Pipeline->Illuminate/Pipeline/{closure}(Object(Illuminate/Http/Request))
#64 D:/merobiz-os/merobiz-os/api/vendor/laravel/framework/src/Illuminate/Pipeline/Pipeline.php(219): Illuminate/Http/Middleware/HandleCors->handle(Object(Illuminate/Http/Request), Object(Closure))
#65 D:/merobiz-os/merobiz-os/api/vendor/laravel/framework/src/Illuminate/Http/Middleware/TrustProxies.php(58): Illuminate/Pipeline/Pipeline->Illuminate/Pipeline/{closure}(Object(Illuminate/Http/Request))
#66 D:/merobiz-os/merobiz-os/api/vendor/laravel/framework/src/Illuminate/Pipeline/Pipeline.php(219): Illuminate/Http/Middleware/TrustProxies->handle(Object(Illuminate/Http/Request), Object(Closure))
#67 D:/merobiz-os/merobiz-os/api/vendor/laravel/framework/src/Illuminate/Foundation/Http/Middleware/InvokeDeferredCallbacks.php(22): Illuminate/Pipeline/Pipeline->Illuminate/Pipeline/{closure}(Object(Illuminate/Http/Request))
#68 D:/merobiz-os/merobiz-os/api/vendor/laravel/framework/src/Illuminate/Pipeline/Pipeline.php(219): Illuminate/Foundation/Http/Middleware/InvokeDeferredCallbacks->handle(Object(Illuminate/Http/Request), Object(Closure))
#69 D:/merobiz-os/merobiz-os/api/vendor/laravel/framework/src/Illuminate/Http/Middleware/ValidatePathEncoding.php(28): Illuminate/Pipeline/Pipeline->Illuminate/Pipeline/{closure}(Object(Illuminate/Http/Request))
#70 D:/merobiz-os/merobiz-os/api/vendor/laravel/framework/src/Illuminate/Pipeline/Pipeline.php(219): Illuminate/Http/Middleware/ValidatePathEncoding->handle(Object(Illuminate/Http/Request), Object(Closure))
#71 D:/merobiz-os/merobiz-os/api/vendor/laravel/framework/src/Illuminate/Pipeline/Pipeline.php(137): Illuminate/Pipeline/Pipeline->Illuminate/Pipeline/{closure}(Object(Illuminate/Http/Request))
#72 D:/merobiz-os/merobiz-os/api/vendor/laravel/framework/src/Illuminate/Foundation/Http/Kernel.php(175): Illuminate/Pipeline/Pipeline->then(Object(Closure))
#73 D:/merobiz-os/merobiz-os/api/vendor/laravel/framework/src/Illuminate/Foundation/Http/Kernel.php(144): Illuminate/Foundation/Http/Kernel->sendRequestThroughRouter(Object(Illuminate/Http/Request))
#74 D:/merobiz-os/merobiz-os/api/vendor/laravel/framework/src/Illuminate/Foundation/Application.php(1227): Illuminate/Foundation/Http/Kernel->handle(Object(Illuminate/Http/Request))
#75 D:/merobiz-os/merobiz-os/api/public/index.php(17): Illuminate/Foundation/Application->handleRequest(Object(Illuminate/Http/Request))
#76 D:/merobiz-os/merobiz-os/api/vendor/laravel/framework/src/Illuminate/Foundation/resources/server.php(23): require_once('D://merobiz-os//m...')
#77 {main}
"} 
[2026-09-02 23:18:14] local.ERROR: Attempted to lazy load [taxEntity] on model [App\Models\Business] but lazy loading is disabled. {"userId":1,"exception":"[object] (Illuminate\\Database\\LazyLoadingViolationException(code: 0): Attempted to lazy load [taxEntity] on model [App\\Models\\Business] but lazy loading is disabled. at D:/merobiz-os/merobiz-os/api/vendor/laravel/framework/src/Illuminate/Database/Eloquent/Concerns/HasAttributes.php:624)
[stacktrace]
#0 D:/merobiz-os/merobiz-os/api/vendor/laravel/framework/src/Illuminate/Database/Eloquent/Concerns/HasAttributes.php(581): Illuminate/Database/Eloquent/Model->handleLazyLoadingViolation('taxEntity')
#1 D:/merobiz-os/merobiz-os/api/vendor/laravel/framework/src/Illuminate/Database/Eloquent/Concerns/HasAttributes.php(506): Illuminate/Database/Eloquent/Model->getRelationValue('taxEntity')
#2 D:/merobiz-os/merobiz-os/api/vendor/laravel/framework/src/Illuminate/Database/Eloquent/Model.php(2754): Illuminate/Database/Eloquent/Model->getAttribute('taxEntity')
#3 D:/merobiz-os/merobiz-os/api/vendor/laravel/framework/src/Illuminate/Http/Resources/DelegatesToResource.php(139): Illuminate/Database/Eloquent/Model->__get('taxEntity')
#4 D:/merobiz-os/merobiz-os/api/app/Http/Resources/BusinessResource.php(32): Illuminate/Http/Resources/Json/JsonResource->__get('taxEntity')
#5 D:/merobiz-os/merobiz-os/api/vendor/laravel/framework/src/Illuminate/Http/Resources/Json/JsonResource.php(147): App/Http/Resources/BusinessResource->toArray(Object(Illuminate/Http/Request))
#6 D:/merobiz-os/merobiz-os/api/vendor/laravel/framework/src/Illuminate/Http/Resources/Json/JsonResource.php(158): Illuminate/Http/Resources/Json/JsonResource->toAttributes(Object(Illuminate/Http/Request))
#7 D:/merobiz-os/merobiz-os/api/vendor/laravel/framework/src/Illuminate/Http/Resources/Json/JsonResource.php(122): Illuminate/Http/Resources/Json/JsonResource->resolveResourceData(Object(Illuminate/Http/Request))
#8 D:/merobiz-os/merobiz-os/api/vendor/laravel/framework/src/Illuminate/Collections/HigherOrderCollectionProxy.php(66): Illuminate/Http/Resources/Json/JsonResource->resolve(Object(Illuminate/Http/Request))
#9 [internal function]: Illuminate/Support/HigherOrderCollectionProxy->Illuminate/Support/{closure}(Object(App/Http/Resources/BusinessResource), 0)
#10 D:/merobiz-os/merobiz-os/api/vendor/laravel/framework/src/Illuminate/Collections/Arr.php(858): array_map(Object(Closure), Array, Array)
#11 D:/merobiz-os/merobiz-os/api/vendor/laravel/framework/src/Illuminate/Collections/Collection.php(831): Illuminate/Support/Arr::map(Array, Object(Closure))
#12 D:/merobiz-os/merobiz-os/api/vendor/laravel/framework/src/Illuminate/Collections/HigherOrderCollectionProxy.php(63): Illuminate/Support/Collection->map(Object(Closure))
#13 D:/merobiz-os/merobiz-os/api/vendor/laravel/framework/src/Illuminate/Http/Resources/Json/ResourceCollection.php(103): Illuminate/Support/HigherOrderCollectionProxy->__call('resolve', Array)
#14 D:/merobiz-os/merobiz-os/api/vendor/laravel/framework/src/Illuminate/Http/Resources/Json/JsonResource.php(147): Illuminate/Http/Resources/Json/ResourceCollection->toArray(Object(Illuminate/Http/Request))
#15 D:/merobiz-os/merobiz-os/api/vendor/laravel/framework/src/Illuminate/Http/Resources/Json/JsonResource.php(158): Illuminate/Http/Resources/Json/JsonResource->toAttributes(Object(Illuminate/Http/Request))
#16 D:/merobiz-os/merobiz-os/api/vendor/laravel/framework/src/Illuminate/Http/Resources/Json/JsonResource.php(122): Illuminate/Http/Resources/Json/JsonResource->resolveResourceData(Object(Illuminate/Http/Request))
#17 D:/merobiz-os/merobiz-os/api/vendor/laravel/framework/src/Illuminate/Http/Resources/Json/ResourceResponse.php(38): Illuminate/Http/Resources/Json/JsonResource->resolve(Object(Illuminate/Http/Request))
#18 D:/merobiz-os/merobiz-os/api/vendor/laravel/framework/src/Illuminate/Http/Resources/Json/JsonResource.php(308): Illuminate/Http/Resources/Json/ResourceResponse->toResponse(Object(Illuminate/Http/Request))
#19 D:/merobiz-os/merobiz-os/api/vendor/laravel/framework/src/Illuminate/Http/Resources/Json/ResourceCollection.php(121): Illuminate/Http/Resources/Json/JsonResource->toResponse(Object(Illuminate/Http/Request))
#20 D:/merobiz-os/merobiz-os/api/vendor/laravel/framework/src/Illuminate/Routing/Router.php(921): Illuminate/Http/Resources/Json/ResourceCollection->toResponse(Object(Illuminate/Http/Request))
#21 D:/merobiz-os/merobiz-os/api/vendor/laravel/framework/src/Illuminate/Routing/Router.php(906): Illuminate/Routing/Router::toResponse(Object(Illuminate/Http/Request), Object(Illuminate/Http/Resources/Json/AnonymousResourceCollection))
#22 D:/merobiz-os/merobiz-os/api/vendor/laravel/framework/src/Illuminate/Routing/Router.php(821): Illuminate/Routing/Router->prepareResponse(Object(Illuminate/Http/Request), Object(Illuminate/Http/Resources/Json/AnonymousResourceCollection))
#23 D:/merobiz-os/merobiz-os/api/vendor/laravel/framework/src/Illuminate/Pipeline/Pipeline.php(180): Illuminate/Routing/Router->Illuminate/Routing/{closure}(Object(Illuminate/Http/Request))
#24 D:/merobiz-os/merobiz-os/api/vendor/laravel/framework/src/Illuminate/Routing/Middleware/SubstituteBindings.php(52): Illuminate/Pipeline/Pipeline->Illuminate/Pipeline/{closure}(Object(Illuminate/Http/Request))
#25 D:/merobiz-os/merobiz-os/api/vendor/laravel/framework/src/Illuminate/Pipeline/Pipeline.php(219): Illuminate/Routing/Middleware/SubstituteBindings->handle(Object(Illuminate/Http/Request), Object(Closure))
#26 D:/merobiz-os/merobiz-os/api/vendor/laravel/framework/src/Illuminate/Auth/Middleware/Authenticate.php(63): Illuminate/Pipeline/Pipeline->Illuminate/Pipeline/{closure}(Object(Illuminate/Http/Request))
#27 D:/merobiz-os/merobiz-os/api/vendor/laravel/framework/src/Illuminate/Pipeline/Pipeline.php(219): Illuminate/Auth/Middleware/Authenticate->handle(Object(Illuminate/Http/Request), Object(Closure), 'sanctum')
#28 D:/merobiz-os/merobiz-os/api/vendor/laravel/sanctum/src/Http/Middleware/EnsureFrontendRequestsAreStateful.php(26): Illuminate/Pipeline/Pipeline->Illuminate/Pipeline/{closure}(Object(Illuminate/Http/Request))
#29 D:/merobiz-os/merobiz-os/api/vendor/laravel/framework/src/Illuminate/Pipeline/Pipeline.php(180): Laravel/Sanctum/Http/Middleware/EnsureFrontendRequestsAreStateful->Laravel/Sanctum/Http/Middleware/{closure}(Object(Illuminate/Http/Request))
#30 D:/merobiz-os/merobiz-os/api/vendor/laravel/sanctum/src/Http/Middleware/AuthenticateSession.php(60): Illuminate/Pipeline/Pipeline->Illuminate/Pipeline/{closure}(Object(Illuminate/Http/Request))
#31 D:/merobiz-os/merobiz-os/api/vendor/laravel/framework/src/Illuminate/Pipeline/Pipeline.php(219): Laravel/Sanctum/Http/Middleware/AuthenticateSession->handle(Object(Illuminate/Http/Request), Object(Closure))
#32 D:/merobiz-os/merobiz-os/api/vendor/laravel/framework/src/Illuminate/Foundation/Http/Middleware/PreventRequestForgery.php(104): Illuminate/Pipeline/Pipeline->Illuminate/Pipeline/{closure}(Object(Illuminate/Http/Request))
#33 D:/merobiz-os/merobiz-os/api/vendor/laravel/framework/src/Illuminate/Pipeline/Pipeline.php(219): Illuminate/Foundation/Http/Middleware/PreventRequestForgery->handle(Object(Illuminate/Http/Request), Object(Closure))
#34 D:/merobiz-os/merobiz-os/api/vendor/laravel/framework/src/Illuminate/Session/Middleware/StartSession.php(120): Illuminate/Pipeline/Pipeline->Illuminate/Pipeline/{closure}(Object(Illuminate/Http/Request))
#35 D:/merobiz-os/merobiz-os/api/vendor/laravel/framework/src/Illuminate/Session/Middleware/StartSession.php(63): Illuminate/Session/Middleware/StartSession->handleStatefulRequest(Object(Illuminate/Http/Request), Object(Illuminate/Session/Store), Object(Closure))
#36 D:/merobiz-os/merobiz-os/api/vendor/laravel/framework/src/Illuminate/Pipeline/Pipeline.php(219): Illuminate/Session/Middleware/StartSession->handle(Object(Illuminate/Http/Request), Object(Closure))
#37 D:/merobiz-os/merobiz-os/api/vendor/laravel/framework/src/Illuminate/Cookie/Middleware/AddQueuedCookiesToResponse.php(36): Illuminate/Pipeline/Pipeline->Illuminate/Pipeline/{closure}(Object(Illuminate/Http/Request))
#38 D:/merobiz-os/merobiz-os/api/vendor/laravel/framework/src/Illuminate/Pipeline/Pipeline.php(219): Illuminate/Cookie/Middleware/AddQueuedCookiesToResponse->handle(Object(Illuminate/Http/Request), Object(Closure))
#39 D:/merobiz-os/merobiz-os/api/vendor/laravel/framework/src/Illuminate/Cookie/Middleware/EncryptCookies.php(74): Illuminate/Pipeline/Pipeline->Illuminate/Pipeline/{closure}(Object(Illuminate/Http/Request))
#40 D:/merobiz-os/merobiz-os/api/vendor/laravel/framework/src/Illuminate/Pipeline/Pipeline.php(219): Illuminate/Cookie/Middleware/EncryptCookies->handle(Object(Illuminate/Http/Request), Object(Closure))
#41 D:/merobiz-os/merobiz-os/api/vendor/laravel/sanctum/src/Http/Middleware/EnsureFrontendRequestsAreStateful.php(61): Illuminate/Pipeline/Pipeline->Illuminate/Pipeline/{closure}(Object(Illuminate/Http/Request))
#42 D:/merobiz-os/merobiz-os/api/vendor/laravel/framework/src/Illuminate/Pipeline/Pipeline.php(201): Laravel/Sanctum/Http/Middleware/EnsureFrontendRequestsAreStateful->Laravel/Sanctum/Http/Middleware/{closure}(Object(Illuminate/Http/Request), Object(Closure))
#43 D:/merobiz-os/merobiz-os/api/vendor/laravel/framework/src/Illuminate/Pipeline/Pipeline.php(137): Illuminate/Pipeline/Pipeline->Illuminate/Pipeline/{closure}(Object(Illuminate/Http/Request))
#44 D:/merobiz-os/merobiz-os/api/vendor/laravel/sanctum/src/Http/Middleware/EnsureFrontendRequestsAreStateful.php(25): Illuminate/Pipeline/Pipeline->then(Object(Closure))
#45 D:/merobiz-os/merobiz-os/api/vendor/laravel/framework/src/Illuminate/Pipeline/Pipeline.php(219): Laravel/Sanctum/Http/Middleware/EnsureFrontendRequestsAreStateful->handle(Object(Illuminate/Http/Request), Object(Closure))
#46 D:/merobiz-os/merobiz-os/api/vendor/laravel/framework/src/Illuminate/Pipeline/Pipeline.php(137): Illuminate/Pipeline/Pipeline->Illuminate/Pipeline/{closure}(Object(Illuminate/Http/Request))
#47 D:/merobiz-os/merobiz-os/api/vendor/laravel/framework/src/Illuminate/Routing/Router.php(821): Illuminate/Pipeline/Pipeline->then(Object(Closure))
#48 D:/merobiz-os/merobiz-os/api/vendor/laravel/framework/src/Illuminate/Routing/Router.php(800): Illuminate/Routing/Router->runRouteWithinStack(Object(Illuminate/Routing/Route), Object(Illuminate/Http/Request))
#49 D:/merobiz-os/merobiz-os/api/vendor/laravel/framework/src/Illuminate/Routing/Router.php(764): Illuminate/Routing/Router->runRoute(Object(Illuminate/Http/Request), Object(Illuminate/Routing/Route))
#50 D:/merobiz-os/merobiz-os/api/vendor/laravel/framework/src/Illuminate/Routing/Router.php(753): Illuminate/Routing/Router->dispatchToRoute(Object(Illuminate/Http/Request))
#51 D:/merobiz-os/merobiz-os/api/vendor/laravel/framework/src/Illuminate/Foundation/Http/Kernel.php(200): Illuminate/Routing/Router->dispatch(Object(Illuminate/Http/Request))
#52 D:/merobiz-os/merobiz-os/api/vendor/laravel/framework/src/Illuminate/Pipeline/Pipeline.php(180): Illuminate/Foundation/Http/Kernel->Illuminate/Foundation/Http/{closure}(Object(Illuminate/Http/Request))
#53 D:/merobiz-os/merobiz-os/api/vendor/laravel/framework/src/Illuminate/Foundation/Http/Middleware/TransformsRequest.php(21): Illuminate/Pipeline/Pipeline->Illuminate/Pipeline/{closure}(Object(Illuminate/Http/Request))
#54 D:/merobiz-os/merobiz-os/api/vendor/laravel/framework/src/Illuminate/Foundation/Http/Middleware/ConvertEmptyStringsToNull.php(31): Illuminate/Foundation/Http/Middleware/TransformsRequest->handle(Object(Illuminate/Http/Request), Object(Closure))
#55 D:/merobiz-os/merobiz-os/api/vendor/laravel/framework/src/Illuminate/Pipeline/Pipeline.php(219): Illuminate/Foundation/Http/Middleware/ConvertEmptyStringsToNull->handle(Object(Illuminate/Http/Request), Object(Closure))
#56 D:/merobiz-os/merobiz-os/api/vendor/laravel/framework/src/Illuminate/Foundation/Http/Middleware/TransformsRequest.php(21): Illuminate/Pipeline/Pipeline->Illuminate/Pipeline/{closure}(Object(Illuminate/Http/Request))
#57 D:/merobiz-os/merobiz-os/api/vendor/laravel/framework/src/Illuminate/Foundation/Http/Middleware/TrimStrings.php(51): Illuminate/Foundation/Http/Middleware/TransformsRequest->handle(Object(Illuminate/Http/Request), Object(Closure))
#58 D:/merobiz-os/merobiz-os/api/vendor/laravel/framework/src/Illuminate/Pipeline/Pipeline.php(219): Illuminate/Foundation/Http/Middleware/TrimStrings->handle(Object(Illuminate/Http/Request), Object(Closure))
#59 D:/merobiz-os/merobiz-os/api/vendor/laravel/framework/src/Illuminate/Http/Middleware/ValidatePostSize.php(27): Illuminate/Pipeline/Pipeline->Illuminate/Pipeline/{closure}(Object(Illuminate/Http/Request))
#60 D:/merobiz-os/merobiz-os/api/vendor/laravel/framework/src/Illuminate/Pipeline/Pipeline.php(219): Illuminate/Http/Middleware/ValidatePostSize->handle(Object(Illuminate/Http/Request), Object(Closure))
#61 D:/merobiz-os/merobiz-os/api/vendor/laravel/framework/src/Illuminate/Foundation/Http/Middleware/PreventRequestsDuringMaintenance.php(110): Illuminate/Pipeline/Pipeline->Illuminate/Pipeline/{closure}(Object(Illuminate/Http/Request))
#62 D:/merobiz-os/merobiz-os/api/vendor/laravel/framework/src/Illuminate/Pipeline/Pipeline.php(219): Illuminate/Foundation/Http/Middleware/PreventRequestsDuringMaintenance->handle(Object(Illuminate/Http/Request), Object(Closure))
#63 D:/merobiz-os/merobiz-os/api/vendor/laravel/framework/src/Illuminate/Http/Middleware/HandleCors.php(74): Illuminate/Pipeline/Pipeline->Illuminate/Pipeline/{closure}(Object(Illuminate/Http/Request))
#64 D:/merobiz-os/merobiz-os/api/vendor/laravel/framework/src/Illuminate/Pipeline/Pipeline.php(219): Illuminate/Http/Middleware/HandleCors->handle(Object(Illuminate/Http/Request), Object(Closure))
#65 D:/merobiz-os/merobiz-os/api/vendor/laravel/framework/src/Illuminate/Http/Middleware/TrustProxies.php(58): Illuminate/Pipeline/Pipeline->Illuminate/Pipeline/{closure}(Object(Illuminate/Http/Request))
#66 D:/merobiz-os/merobiz-os/api/vendor/laravel/framework/src/Illuminate/Pipeline/Pipeline.php(219): Illuminate/Http/Middleware/TrustProxies->handle(Object(Illuminate/Http/Request), Object(Closure))
#67 D:/merobiz-os/merobiz-os/api/vendor/laravel/framework/src/Illuminate/Foundation/Http/Middleware/InvokeDeferredCallbacks.php(22): Illuminate/Pipeline/Pipeline->Illuminate/Pipeline/{closure}(Object(Illuminate/Http/Request))
#68 D:/merobiz-os/merobiz-os/api/vendor/laravel/framework/src/Illuminate/Pipeline/Pipeline.php(219): Illuminate/Foundation/Http/Middleware/InvokeDeferredCallbacks->handle(Object(Illuminate/Http/Request), Object(Closure))
#69 D:/merobiz-os/merobiz-os/api/vendor/laravel/framework/src/Illuminate/Http/Middleware/ValidatePathEncoding.php(28): Illuminate/Pipeline/Pipeline->Illuminate/Pipeline/{closure}(Object(Illuminate/Http/Request))
#70 D:/merobiz-os/merobiz-os/api/vendor/laravel/framework/src/Illuminate/Pipeline/Pipeline.php(219): Illuminate/Http/Middleware/ValidatePathEncoding->handle(Object(Illuminate/Http/Request), Object(Closure))
#71 D:/merobiz-os/merobiz-os/api/vendor/laravel/framework/src/Illuminate/Pipeline/Pipeline.php(137): Illuminate/Pipeline/Pipeline->Illuminate/Pipeline/{closure}(Object(Illuminate/Http/Request))
#72 D:/merobiz-os/merobiz-os/api/vendor/laravel/framework/src/Illuminate/Foundation/Http/Kernel.php(175): Illuminate/Pipeline/Pipeline->then(Object(Closure))
#73 D:/merobiz-os/merobiz-os/api/vendor/laravel/framework/src/Illuminate/Foundation/Http/Kernel.php(144): Illuminate/Foundation/Http/Kernel->sendRequestThroughRouter(Object(Illuminate/Http/Request))
#74 D:/merobiz-os/merobiz-os/api/vendor/laravel/framework/src/Illuminate/Foundation/Application.php(1227): Illuminate/Foundation/Http/Kernel->handle(Object(Illuminate/Http/Request))
#75 D:/merobiz-os/merobiz-os/api/public/index.php(17): Illuminate/Foundation/Application->handleRequest(Object(Illuminate/Http/Request))
#76 D:/merobiz-os/merobiz-os/api/vendor/laravel/framework/src/Illuminate/Foundation/resources/server.php(23): require_once('D://merobiz-os//m...')
#77 {main}
"} 
[2026-09-02 23:18:15] local.ERROR: Attempted to lazy load [taxEntity] on model [App\Models\Business] but lazy loading is disabled. {"userId":1,"exception":"[object] (Illuminate\\Database\\LazyLoadingViolationException(code: 0): Attempted to lazy load [taxEntity] on model [App\\Models\\Business] but lazy loading is disabled. at D:/merobiz-os/merobiz-os/api/vendor/laravel/framework/src/Illuminate/Database/Eloquent/Concerns/HasAttributes.php:624)
[stacktrace]
#0 D:/merobiz-os/merobiz-os/api/vendor/laravel/framework/src/Illuminate/Database/Eloquent/Concerns/HasAttributes.php(581): Illuminate/Database/Eloquent/Model->handleLazyLoadingViolation('taxEntity')
#1 D:/merobiz-os/merobiz-os/api/vendor/laravel/framework/src/Illuminate/Database/Eloquent/Concerns/HasAttributes.php(506): Illuminate/Database/Eloquent/Model->getRelationValue('taxEntity')
#2 D:/merobiz-os/merobiz-os/api/vendor/laravel/framework/src/Illuminate/Database/Eloquent/Model.php(2754): Illuminate/Database/Eloquent/Model->getAttribute('taxEntity')
#3 D:/merobiz-os/merobiz-os/api/vendor/laravel/framework/src/Illuminate/Http/Resources/DelegatesToResource.php(139): Illuminate/Database/Eloquent/Model->__get('taxEntity')
#4 D:/merobiz-os/merobiz-os/api/app/Http/Resources/BusinessResource.php(32): Illuminate/Http/Resources/Json/JsonResource->__get('taxEntity')
#5 D:/merobiz-os/merobiz-os/api/vendor/laravel/framework/src/Illuminate/Http/Resources/Json/JsonResource.php(147): App/Http/Resources/BusinessResource->toArray(Object(Illuminate/Http/Request))
#6 D:/merobiz-os/merobiz-os/api/vendor/laravel/framework/src/Illuminate/Http/Resources/Json/JsonResource.php(158): Illuminate/Http/Resources/Json/JsonResource->toAttributes(Object(Illuminate/Http/Request))
#7 D:/merobiz-os/merobiz-os/api/vendor/laravel/framework/src/Illuminate/Http/Resources/Json/JsonResource.php(122): Illuminate/Http/Resources/Json/JsonResource->resolveResourceData(Object(Illuminate/Http/Request))
#8 D:/merobiz-os/merobiz-os/api/vendor/laravel/framework/src/Illuminate/Collections/HigherOrderCollectionProxy.php(66): Illuminate/Http/Resources/Json/JsonResource->resolve(Object(Illuminate/Http/Request))
#9 [internal function]: Illuminate/Support/HigherOrderCollectionProxy->Illuminate/Support/{closure}(Object(App/Http/Resources/BusinessResource), 0)
#10 D:/merobiz-os/merobiz-os/api/vendor/laravel/framework/src/Illuminate/Collections/Arr.php(858): array_map(Object(Closure), Array, Array)
#11 D:/merobiz-os/merobiz-os/api/vendor/laravel/framework/src/Illuminate/Collections/Collection.php(831): Illuminate/Support/Arr::map(Array, Object(Closure))
#12 D:/merobiz-os/merobiz-os/api/vendor/laravel/framework/src/Illuminate/Collections/HigherOrderCollectionProxy.php(63): Illuminate/Support/Collection->map(Object(Closure))
#13 D:/merobiz-os/merobiz-os/api/vendor/laravel/framework/src/Illuminate/Http/Resources/Json/ResourceCollection.php(103): Illuminate/Support/HigherOrderCollectionProxy->__call('resolve', Array)
#14 D:/merobiz-os/merobiz-os/api/vendor/laravel/framework/src/Illuminate/Http/Resources/Json/JsonResource.php(147): Illuminate/Http/Resources/Json/ResourceCollection->toArray(Object(Illuminate/Http/Request))
#15 D:/merobiz-os/merobiz-os/api/vendor/laravel/framework/src/Illuminate/Http/Resources/Json/JsonResource.php(158): Illuminate/Http/Resources/Json/JsonResource->toAttributes(Object(Illuminate/Http/Request))
#16 D:/merobiz-os/merobiz-os/api/vendor/laravel/framework/src/Illuminate/Http/Resources/Json/JsonResource.php(122): Illuminate/Http/Resources/Json/JsonResource->resolveResourceData(Object(Illuminate/Http/Request))
#17 D:/merobiz-os/merobiz-os/api/vendor/laravel/framework/src/Illuminate/Http/Resources/Json/ResourceResponse.php(38): Illuminate/Http/Resources/Json/JsonResource->resolve(Object(Illuminate/Http/Request))
#18 D:/merobiz-os/merobiz-os/api/vendor/laravel/framework/src/Illuminate/Http/Resources/Json/JsonResource.php(308): Illuminate/Http/Resources/Json/ResourceResponse->toResponse(Object(Illuminate/Http/Request))
#19 D:/merobiz-os/merobiz-os/api/vendor/laravel/framework/src/Illuminate/Http/Resources/Json/ResourceCollection.php(121): Illuminate/Http/Resources/Json/JsonResource->toResponse(Object(Illuminate/Http/Request))
#20 D:/merobiz-os/merobiz-os/api/vendor/laravel/framework/src/Illuminate/Routing/Router.php(921): Illuminate/Http/Resources/Json/ResourceCollection->toResponse(Object(Illuminate/Http/Request))
#21 D:/merobiz-os/merobiz-os/api/vendor/laravel/framework/src/Illuminate/Routing/Router.php(906): Illuminate/Routing/Router::toResponse(Object(Illuminate/Http/Request), Object(Illuminate/Http/Resources/Json/AnonymousResourceCollection))
#22 D:/merobiz-os/merobiz-os/api/vendor/laravel/framework/src/Illuminate/Routing/Router.php(821): Illuminate/Routing/Router->prepareResponse(Object(Illuminate/Http/Request), Object(Illuminate/Http/Resources/Json/AnonymousResourceCollection))
#23 D:/merobiz-os/merobiz-os/api/vendor/laravel/framework/src/Illuminate/Pipeline/Pipeline.php(180): Illuminate/Routing/Router->Illuminate/Routing/{closure}(Object(Illuminate/Http/Request))
#24 D:/merobiz-os/merobiz-os/api/vendor/laravel/framework/src/Illuminate/Routing/Middleware/SubstituteBindings.php(52): Illuminate/Pipeline/Pipeline->Illuminate/Pipeline/{closure}(Object(Illuminate/Http/Request))
#25 D:/merobiz-os/merobiz-os/api/vendor/laravel/framework/src/Illuminate/Pipeline/Pipeline.php(219): Illuminate/Routing/Middleware/SubstituteBindings->handle(Object(Illuminate/Http/Request), Object(Closure))
#26 D:/merobiz-os/merobiz-os/api/vendor/laravel/framework/src/Illuminate/Auth/Middleware/Authenticate.php(63): Illuminate/Pipeline/Pipeline->Illuminate/Pipeline/{closure}(Object(Illuminate/Http/Request))
#27 D:/merobiz-os/merobiz-os/api/vendor/laravel/framework/src/Illuminate/Pipeline/Pipeline.php(219): Illuminate/Auth/Middleware/Authenticate->handle(Object(Illuminate/Http/Request), Object(Closure), 'sanctum')
#28 D:/merobiz-os/merobiz-os/api/vendor/laravel/sanctum/src/Http/Middleware/EnsureFrontendRequestsAreStateful.php(26): Illuminate/Pipeline/Pipeline->Illuminate/Pipeline/{closure}(Object(Illuminate/Http/Request))
#29 D:/merobiz-os/merobiz-os/api/vendor/laravel/framework/src/Illuminate/Pipeline/Pipeline.php(180): Laravel/Sanctum/Http/Middleware/EnsureFrontendRequestsAreStateful->Laravel/Sanctum/Http/Middleware/{closure}(Object(Illuminate/Http/Request))
#30 D:/merobiz-os/merobiz-os/api/vendor/laravel/sanctum/src/Http/Middleware/AuthenticateSession.php(60): Illuminate/Pipeline/Pipeline->Illuminate/Pipeline/{closure}(Object(Illuminate/Http/Request))
#31 D:/merobiz-os/merobiz-os/api/vendor/laravel/framework/src/Illuminate/Pipeline/Pipeline.php(219): Laravel/Sanctum/Http/Middleware/AuthenticateSession->handle(Object(Illuminate/Http/Request), Object(Closure))
#32 D:/merobiz-os/merobiz-os/api/vendor/laravel/framework/src/Illuminate/Foundation/Http/Middleware/PreventRequestForgery.php(104): Illuminate/Pipeline/Pipeline->Illuminate/Pipeline/{closure}(Object(Illuminate/Http/Request))
#33 D:/merobiz-os/merobiz-os/api/vendor/laravel/framework/src/Illuminate/Pipeline/Pipeline.php(219): Illuminate/Foundation/Http/Middleware/PreventRequestForgery->handle(Object(Illuminate/Http/Request), Object(Closure))
#34 D:/merobiz-os/merobiz-os/api/vendor/laravel/framework/src/Illuminate/Session/Middleware/StartSession.php(120): Illuminate/Pipeline/Pipeline->Illuminate/Pipeline/{closure}(Object(Illuminate/Http/Request))
#35 D:/merobiz-os/merobiz-os/api/vendor/laravel/framework/src/Illuminate/Session/Middleware/StartSession.php(63): Illuminate/Session/Middleware/StartSession->handleStatefulRequest(Object(Illuminate/Http/Request), Object(Illuminate/Session/Store), Object(Closure))
#36 D:/merobiz-os/merobiz-os/api/vendor/laravel/framework/src/Illuminate/Pipeline/Pipeline.php(219): Illuminate/Session/Middleware/StartSession->handle(Object(Illuminate/Http/Request), Object(Closure))
#37 D:/merobiz-os/merobiz-os/api/vendor/laravel/framework/src/Illuminate/Cookie/Middleware/AddQueuedCookiesToResponse.php(36): Illuminate/Pipeline/Pipeline->Illuminate/Pipeline/{closure}(Object(Illuminate/Http/Request))
#38 D:/merobiz-os/merobiz-os/api/vendor/laravel/framework/src/Illuminate/Pipeline/Pipeline.php(219): Illuminate/Cookie/Middleware/AddQueuedCookiesToResponse->handle(Object(Illuminate/Http/Request), Object(Closure))
#39 D:/merobiz-os/merobiz-os/api/vendor/laravel/framework/src/Illuminate/Cookie/Middleware/EncryptCookies.php(74): Illuminate/Pipeline/Pipeline->Illuminate/Pipeline/{closure}(Object(Illuminate/Http/Request))
#40 D:/merobiz-os/merobiz-os/api/vendor/laravel/framework/src/Illuminate/Pipeline/Pipeline.php(219): Illuminate/Cookie/Middleware/EncryptCookies->handle(Object(Illuminate/Http/Request), Object(Closure))
#41 D:/merobiz-os/merobiz-os/api/vendor/laravel/sanctum/src/Http/Middleware/EnsureFrontendRequestsAreStateful.php(61): Illuminate/Pipeline/Pipeline->Illuminate/Pipeline/{closure}(Object(Illuminate/Http/Request))
#42 D:/merobiz-os/merobiz-os/api/vendor/laravel/framework/src/Illuminate/Pipeline/Pipeline.php(201): Laravel/Sanctum/Http/Middleware/EnsureFrontendRequestsAreStateful->Laravel/Sanctum/Http/Middleware/{closure}(Object(Illuminate/Http/Request), Object(Closure))
#43 D:/merobiz-os/merobiz-os/api/vendor/laravel/framework/src/Illuminate/Pipeline/Pipeline.php(137): Illuminate/Pipeline/Pipeline->Illuminate/Pipeline/{closure}(Object(Illuminate/Http/Request))
#44 D:/merobiz-os/merobiz-os/api/vendor/laravel/sanctum/src/Http/Middleware/EnsureFrontendRequestsAreStateful.php(25): Illuminate/Pipeline/Pipeline->then(Object(Closure))
#45 D:/merobiz-os/merobiz-os/api/vendor/laravel/framework/src/Illuminate/Pipeline/Pipeline.php(219): Laravel/Sanctum/Http/Middleware/EnsureFrontendRequestsAreStateful->handle(Object(Illuminate/Http/Request), Object(Closure))
#46 D:/merobiz-os/merobiz-os/api/vendor/laravel/framework/src/Illuminate/Pipeline/Pipeline.php(137): Illuminate/Pipeline/Pipeline->Illuminate/Pipeline/{closure}(Object(Illuminate/Http/Request))
#47 D:/merobiz-os/merobiz-os/api/vendor/laravel/framework/src/Illuminate/Routing/Router.php(821): Illuminate/Pipeline/Pipeline->then(Object(Closure))
#48 D:/merobiz-os/merobiz-os/api/vendor/laravel/framework/src/Illuminate/Routing/Router.php(800): Illuminate/Routing/Router->runRouteWithinStack(Object(Illuminate/Routing/Route), Object(Illuminate/Http/Request))
#49 D:/merobiz-os/merobiz-os/api/vendor/laravel/framework/src/Illuminate/Routing/Router.php(764): Illuminate/Routing/Router->runRoute(Object(Illuminate/Http/Request), Object(Illuminate/Routing/Route))
#50 D:/merobiz-os/merobiz-os/api/vendor/laravel/framework/src/Illuminate/Routing/Router.php(753): Illuminate/Routing/Router->dispatchToRoute(Object(Illuminate/Http/Request))
#51 D:/merobiz-os/merobiz-os/api/vendor/laravel/framework/src/Illuminate/Foundation/Http/Kernel.php(200): Illuminate/Routing/Router->dispatch(Object(Illuminate/Http/Request))
#52 D:/merobiz-os/merobiz-os/api/vendor/laravel/framework/src/Illuminate/Pipeline/Pipeline.php(180): Illuminate/Foundation/Http/Kernel->Illuminate/Foundation/Http/{closure}(Object(Illuminate/Http/Request))
#53 D:/merobiz-os/merobiz-os/api/vendor/laravel/framework/src/Illuminate/Foundation/Http/Middleware/TransformsRequest.php(21): Illuminate/Pipeline/Pipeline->Illuminate/Pipeline/{closure}(Object(Illuminate/Http/Request))
#54 D:/merobiz-os/merobiz-os/api/vendor/laravel/framework/src/Illuminate/Foundation/Http/Middleware/ConvertEmptyStringsToNull.php(31): Illuminate/Foundation/Http/Middleware/TransformsRequest->handle(Object(Illuminate/Http/Request), Object(Closure))
#55 D:/merobiz-os/merobiz-os/api/vendor/laravel/framework/src/Illuminate/Pipeline/Pipeline.php(219): Illuminate/Foundation/Http/Middleware/ConvertEmptyStringsToNull->handle(Object(Illuminate/Http/Request), Object(Closure))
#56 D:/merobiz-os/merobiz-os/api/vendor/laravel/framework/src/Illuminate/Foundation/Http/Middleware/TransformsRequest.php(21): Illuminate/Pipeline/Pipeline->Illuminate/Pipeline/{closure}(Object(Illuminate/Http/Request))
#57 D:/merobiz-os/merobiz-os/api/vendor/laravel/framework/src/Illuminate/Foundation/Http/Middleware/TrimStrings.php(51): Illuminate/Foundation/Http/Middleware/TransformsRequest->handle(Object(Illuminate/Http/Request), Object(Closure))
#58 D:/merobiz-os/merobiz-os/api/vendor/laravel/framework/src/Illuminate/Pipeline/Pipeline.php(219): Illuminate/Foundation/Http/Middleware/TrimStrings->handle(Object(Illuminate/Http/Request), Object(Closure))
#59 D:/merobiz-os/merobiz-os/api/vendor/laravel/framework/src/Illuminate/Http/Middleware/ValidatePostSize.php(27): Illuminate/Pipeline/Pipeline->Illuminate/Pipeline/{closure}(Object(Illuminate/Http/Request))
#60 D:/merobiz-os/merobiz-os/api/vendor/laravel/framework/src/Illuminate/Pipeline/Pipeline.php(219): Illuminate/Http/Middleware/ValidatePostSize->handle(Object(Illuminate/Http/Request), Object(Closure))
#61 D:/merobiz-os/merobiz-os/api/vendor/laravel/framework/src/Illuminate/Foundation/Http/Middleware/PreventRequestsDuringMaintenance.php(110): Illuminate/Pipeline/Pipeline->Illuminate/Pipeline/{closure}(Object(Illuminate/Http/Request))
#62 D:/merobiz-os/merobiz-os/api/vendor/laravel/framework/src/Illuminate/Pipeline/Pipeline.php(219): Illuminate/Foundation/Http/Middleware/PreventRequestsDuringMaintenance->handle(Object(Illuminate/Http/Request), Object(Closure))
#63 D:/merobiz-os/merobiz-os/api/vendor/laravel/framework/src/Illuminate/Http/Middleware/HandleCors.php(74): Illuminate/Pipeline/Pipeline->Illuminate/Pipeline/{closure}(Object(Illuminate/Http/Request))
#64 D:/merobiz-os/merobiz-os/api/vendor/laravel/framework/src/Illuminate/Pipeline/Pipeline.php(219): Illuminate/Http/Middleware/HandleCors->handle(Object(Illuminate/Http/Request), Object(Closure))
#65 D:/merobiz-os/merobiz-os/api/vendor/laravel/framework/src/Illuminate/Http/Middleware/TrustProxies.php(58): Illuminate/Pipeline/Pipeline->Illuminate/Pipeline/{closure}(Object(Illuminate/Http/Request))
#66 D:/merobiz-os/merobiz-os/api/vendor/laravel/framework/src/Illuminate/Pipeline/Pipeline.php(219): Illuminate/Http/Middleware/TrustProxies->handle(Object(Illuminate/Http/Request), Object(Closure))
#67 D:/merobiz-os/merobiz-os/api/vendor/laravel/framework/src/Illuminate/Foundation/Http/Middleware/InvokeDeferredCallbacks.php(22): Illuminate/Pipeline/Pipeline->Illuminate/Pipeline/{closure}(Object(Illuminate/Http/Request))
#68 D:/merobiz-os/merobiz-os/api/vendor/laravel/framework/src/Illuminate/Pipeline/Pipeline.php(219): Illuminate/Foundation/Http/Middleware/InvokeDeferredCallbacks->handle(Object(Illuminate/Http/Request), Object(Closure))
#69 D:/merobiz-os/merobiz-os/api/vendor/laravel/framework/src/Illuminate/Http/Middleware/ValidatePathEncoding.php(28): Illuminate/Pipeline/Pipeline->Illuminate/Pipeline/{closure}(Object(Illuminate/Http/Request))
#70 D:/merobiz-os/merobiz-os/api/vendor/laravel/framework/src/Illuminate/Pipeline/Pipeline.php(219): Illuminate/Http/Middleware/ValidatePathEncoding->handle(Object(Illuminate/Http/Request), Object(Closure))
#71 D:/merobiz-os/merobiz-os/api/vendor/laravel/framework/src/Illuminate/Pipeline/Pipeline.php(137): Illuminate/Pipeline/Pipeline->Illuminate/Pipeline/{closure}(Object(Illuminate/Http/Request))
#72 D:/merobiz-os/merobiz-os/api/vendor/laravel/framework/src/Illuminate/Foundation/Http/Kernel.php(175): Illuminate/Pipeline/Pipeline->then(Object(Closure))
#73 D:/merobiz-os/merobiz-os/api/vendor/laravel/framework/src/Illuminate/Foundation/Http/Kernel.php(144): Illuminate/Foundation/Http/Kernel->sendRequestThroughRouter(Object(Illuminate/Http/Request))
#74 D:/merobiz-os/merobiz-os/api/vendor/laravel/framework/src/Illuminate/Foundation/Application.php(1227): Illuminate/Foundation/Http/Kernel->handle(Object(Illuminate/Http/Request))
#75 D:/merobiz-os/merobiz-os/api/public/index.php(17): Illuminate/Foundation/Application->handleRequest(Object(Illuminate/Http/Request))
#76 D:/merobiz-os/merobiz-os/api/vendor/laravel/framework/src/Illuminate/Foundation/resources/server.php(23): require_once('D://merobiz-os//m...')
#77 {main}
"} 
[2026-09-02 23:19:47] local.ERROR: include(D:\merobiz-os\merobiz-os\api\app\Http\Resources\UserResource.php): Failed to open stream: No such file or directory {"userId":1,"exception":"[object] (ErrorException(code: 0): include(D:\\merobiz-os\\merobiz-os\\api\\app\\Http\\Resources\\UserResource.php): Failed to open stream: No such file or directory at D:/merobiz-os/merobiz-os/api/vendor/composer/ClassLoader.php:576)
[stacktrace]
#0 D:/merobiz-os/merobiz-os/api/vendor/laravel/framework/src/Illuminate/Foundation/Bootstrap/HandleExceptions.php(263): Illuminate/Foundation/Bootstrap/HandleExceptions->handleError(2, 'include(D://mero...', 'D://merobiz-os//m...', 576)
#1 D:/merobiz-os/merobiz-os/api/vendor/composer/ClassLoader.php(576): Illuminate/Foundation/Bootstrap/HandleExceptions->Illuminate/Foundation/Bootstrap/{closure}(2, 'include(D://mero...', 'D://merobiz-os//m...', 576)
#2 D:/merobiz-os/merobiz-os/api/vendor/composer/ClassLoader.php(576): include('D://merobiz-os//m...')
#3 D:/merobiz-os/merobiz-os/api/vendor/composer/ClassLoader.php(427): Composer/Autoload/{closure}('D://merobiz-os//m...')
#4 D:/merobiz-os/merobiz-os/api/app/Http/Controllers/AuthController.php(61): Composer/Autoload/ClassLoader->loadClass('App//Http//Resour...')
#5 D:/merobiz-os/merobiz-os/api/vendor/laravel/framework/src/Illuminate/Routing/ControllerDispatcher.php(46): App/Http/Controllers/AuthController->me(Object(Illuminate/Http/Request))
#6 D:/merobiz-os/merobiz-os/api/vendor/laravel/framework/src/Illuminate/Routing/Route.php(276): Illuminate/Routing/ControllerDispatcher->dispatch(Object(Illuminate/Routing/Route), Object(App/Http/Controllers/AuthController), 'me')
#7 D:/merobiz-os/merobiz-os/api/vendor/laravel/framework/src/Illuminate/Routing/Route.php(216): Illuminate/Routing/Route->runController()
#8 D:/merobiz-os/merobiz-os/api/vendor/laravel/framework/src/Illuminate/Routing/Router.php(822): Illuminate/Routing/Route->run()
#9 D:/merobiz-os/merobiz-os/api/vendor/laravel/framework/src/Illuminate/Pipeline/Pipeline.php(180): Illuminate/Routing/Router->Illuminate/Routing/{closure}(Object(Illuminate/Http/Request))
#10 D:/merobiz-os/merobiz-os/api/vendor/laravel/framework/src/Illuminate/Routing/Middleware/SubstituteBindings.php(52): Illuminate/Pipeline/Pipeline->Illuminate/Pipeline/{closure}(Object(Illuminate/Http/Request))
#11 D:/merobiz-os/merobiz-os/api/vendor/laravel/framework/src/Illuminate/Pipeline/Pipeline.php(219): Illuminate/Routing/Middleware/SubstituteBindings->handle(Object(Illuminate/Http/Request), Object(Closure))
#12 D:/merobiz-os/merobiz-os/api/vendor/laravel/framework/src/Illuminate/Auth/Middleware/Authenticate.php(63): Illuminate/Pipeline/Pipeline->Illuminate/Pipeline/{closure}(Object(Illuminate/Http/Request))
#13 D:/merobiz-os/merobiz-os/api/vendor/laravel/framework/src/Illuminate/Pipeline/Pipeline.php(219): Illuminate/Auth/Middleware/Authenticate->handle(Object(Illuminate/Http/Request), Object(Closure), 'sanctum')
#14 D:/merobiz-os/merobiz-os/api/vendor/laravel/sanctum/src/Http/Middleware/EnsureFrontendRequestsAreStateful.php(26): Illuminate/Pipeline/Pipeline->Illuminate/Pipeline/{closure}(Object(Illuminate/Http/Request))
#15 D:/merobiz-os/merobiz-os/api/vendor/laravel/framework/src/Illuminate/Pipeline/Pipeline.php(180): Laravel/Sanctum/Http/Middleware/EnsureFrontendRequestsAreStateful->Laravel/Sanctum/Http/Middleware/{closure}(Object(Illuminate/Http/Request))
#16 D:/merobiz-os/merobiz-os/api/vendor/laravel/sanctum/src/Http/Middleware/AuthenticateSession.php(60): Illuminate/Pipeline/Pipeline->Illuminate/Pipeline/{closure}(Object(Illuminate/Http/Request))
#17 D:/merobiz-os/merobiz-os/api/vendor/laravel/framework/src/Illuminate/Pipeline/Pipeline.php(219): Laravel/Sanctum/Http/Middleware/AuthenticateSession->handle(Object(Illuminate/Http/Request), Object(Closure))
#18 D:/merobiz-os/merobiz-os/api/vendor/laravel/framework/src/Illuminate/Foundation/Http/Middleware/PreventRequestForgery.php(104): Illuminate/Pipeline/Pipeline->Illuminate/Pipeline/{closure}(Object(Illuminate/Http/Request))
#19 D:/merobiz-os/merobiz-os/api/vendor/laravel/framework/src/Illuminate/Pipeline/Pipeline.php(219): Illuminate/Foundation/Http/Middleware/PreventRequestForgery->handle(Object(Illuminate/Http/Request), Object(Closure))
#20 D:/merobiz-os/merobiz-os/api/vendor/laravel/framework/src/Illuminate/Session/Middleware/StartSession.php(120): Illuminate/Pipeline/Pipeline->Illuminate/Pipeline/{closure}(Object(Illuminate/Http/Request))
#21 D:/merobiz-os/merobiz-os/api/vendor/laravel/framework/src/Illuminate/Session/Middleware/StartSession.php(63): Illuminate/Session/Middleware/StartSession->handleStatefulRequest(Object(Illuminate/Http/Request), Object(Illuminate/Session/Store), Object(Closure))
#22 D:/merobiz-os/merobiz-os/api/vendor/laravel/framework/src/Illuminate/Pipeline/Pipeline.php(219): Illuminate/Session/Middleware/StartSession->handle(Object(Illuminate/Http/Request), Object(Closure))
#23 D:/merobiz-os/merobiz-os/api/vendor/laravel/framework/src/Illuminate/Cookie/Middleware/AddQueuedCookiesToResponse.php(36): Illuminate/Pipeline/Pipeline->Illuminate/Pipeline/{closure}(Object(Illuminate/Http/Request))
#24 D:/merobiz-os/merobiz-os/api/vendor/laravel/framework/src/Illuminate/Pipeline/Pipeline.php(219): Illuminate/Cookie/Middleware/AddQueuedCookiesToResponse->handle(Object(Illuminate/Http/Request), Object(Closure))
#25 D:/merobiz-os/merobiz-os/api/vendor/laravel/framework/src/Illuminate/Cookie/Middleware/EncryptCookies.php(74): Illuminate/Pipeline/Pipeline->Illuminate/Pipeline/{closure}(Object(Illuminate/Http/Request))
#26 D:/merobiz-os/merobiz-os/api/vendor/laravel/framework/src/Illuminate/Pipeline/Pipeline.php(219): Illuminate/Cookie/Middleware/EncryptCookies->handle(Object(Illuminate/Http/Request), Object(Closure))
#27 D:/merobiz-os/merobiz-os/api/vendor/laravel/sanctum/src/Http/Middleware/EnsureFrontendRequestsAreStateful.php(61): Illuminate/Pipeline/Pipeline->Illuminate/Pipeline/{closure}(Object(Illuminate/Http/Request))
#28 D:/merobiz-os/merobiz-os/api/vendor/laravel/framework/src/Illuminate/Pipeline/Pipeline.php(201): Laravel/Sanctum/Http/Middleware/EnsureFrontendRequestsAreStateful->Laravel/Sanctum/Http/Middleware/{closure}(Object(Illuminate/Http/Request), Object(Closure))
#29 D:/merobiz-os/merobiz-os/api/vendor/laravel/framework/src/Illuminate/Pipeline/Pipeline.php(137): Illuminate/Pipeline/Pipeline->Illuminate/Pipeline/{closure}(Object(Illuminate/Http/Request))
#30 D:/merobiz-os/merobiz-os/api/vendor/laravel/sanctum/src/Http/Middleware/EnsureFrontendRequestsAreStateful.php(25): Illuminate/Pipeline/Pipeline->then(Object(Closure))
#31 D:/merobiz-os/merobiz-os/api/vendor/laravel/framework/src/Illuminate/Pipeline/Pipeline.php(219): Laravel/Sanctum/Http/Middleware/EnsureFrontendRequestsAreStateful->handle(Object(Illuminate/Http/Request), Object(Closure))
#32 D:/merobiz-os/merobiz-os/api/vendor/laravel/framework/src/Illuminate/Pipeline/Pipeline.php(137): Illuminate/Pipeline/Pipeline->Illuminate/Pipeline/{closure}(Object(Illuminate/Http/Request))
#33 D:/merobiz-os/merobiz-os/api/vendor/laravel/framework/src/Illuminate/Routing/Router.php(821): Illuminate/Pipeline/Pipeline->then(Object(Closure))
#34 D:/merobiz-os/merobiz-os/api/vendor/laravel/framework/src/Illuminate/Routing/Router.php(800): Illuminate/Routing/Router->runRouteWithinStack(Object(Illuminate/Routing/Route), Object(Illuminate/Http/Request))
#35 D:/merobiz-os/merobiz-os/api/vendor/laravel/framework/src/Illuminate/Routing/Router.php(764): Illuminate/Routing/Router->runRoute(Object(Illuminate/Http/Request), Object(Illuminate/Routing/Route))
#36 D:/merobiz-os/merobiz-os/api/vendor/laravel/framework/src/Illuminate/Routing/Router.php(753): Illuminate/Routing/Router->dispatchToRoute(Object(Illuminate/Http/Request))
#37 D:/merobiz-os/merobiz-os/api/vendor/laravel/framework/src/Illuminate/Foundation/Http/Kernel.php(200): Illuminate/Routing/Router->dispatch(Object(Illuminate/Http/Request))
#38 D:/merobiz-os/merobiz-os/api/vendor/laravel/framework/src/Illuminate/Pipeline/Pipeline.php(180): Illuminate/Foundation/Http/Kernel->Illuminate/Foundation/Http/{closure}(Object(Illuminate/Http/Request))
#39 D:/merobiz-os/merobiz-os/api/vendor/laravel/framework/src/Illuminate/Foundation/Http/Middleware/TransformsRequest.php(21): Illuminate/Pipeline/Pipeline->Illuminate/Pipeline/{closure}(Object(Illuminate/Http/Request))
#40 D:/merobiz-os/merobiz-os/api/vendor/laravel/framework/src/Illuminate/Foundation/Http/Middleware/ConvertEmptyStringsToNull.php(31): Illuminate/Foundation/Http/Middleware/TransformsRequest->handle(Object(Illuminate/Http/Request), Object(Closure))
#41 D:/merobiz-os/merobiz-os/api/vendor/laravel/framework/src/Illuminate/Pipeline/Pipeline.php(219): Illuminate/Foundation/Http/Middleware/ConvertEmptyStringsToNull->handle(Object(Illuminate/Http/Request), Object(Closure))
#42 D:/merobiz-os/merobiz-os/api/vendor/laravel/framework/src/Illuminate/Foundation/Http/Middleware/TransformsRequest.php(21): Illuminate/Pipeline/Pipeline->Illuminate/Pipeline/{closure}(Object(Illuminate/Http/Request))
#43 D:/merobiz-os/merobiz-os/api/vendor/laravel/framework/src/Illuminate/Foundation/Http/Middleware/TrimStrings.php(51): Illuminate/Foundation/Http/Middleware/TransformsRequest->handle(Object(Illuminate/Http/Request), Object(Closure))
#44 D:/merobiz-os/merobiz-os/api/vendor/laravel/framework/src/Illuminate/Pipeline/Pipeline.php(219): Illuminate/Foundation/Http/Middleware/TrimStrings->handle(Object(Illuminate/Http/Request), Object(Closure))
#45 D:/merobiz-os/merobiz-os/api/vendor/laravel/framework/src/Illuminate/Http/Middleware/ValidatePostSize.php(27): Illuminate/Pipeline/Pipeline->Illuminate/Pipeline/{closure}(Object(Illuminate/Http/Request))
#46 D:/merobiz-os/merobiz-os/api/vendor/laravel/framework/src/Illuminate/Pipeline/Pipeline.php(219): Illuminate/Http/Middleware/ValidatePostSize->handle(Object(Illuminate/Http/Request), Object(Closure))
#47 D:/merobiz-os/merobiz-os/api/vendor/laravel/framework/src/Illuminate/Foundation/Http/Middleware/PreventRequestsDuringMaintenance.php(110): Illuminate/Pipeline/Pipeline->Illuminate/Pipeline/{closure}(Object(Illuminate/Http/Request))
#48 D:/merobiz-os/merobiz-os/api/vendor/laravel/framework/src/Illuminate/Pipeline/Pipeline.php(219): Illuminate/Foundation/Http/Middleware/PreventRequestsDuringMaintenance->handle(Object(Illuminate/Http/Request), Object(Closure))
#49 D:/merobiz-os/merobiz-os/api/vendor/laravel/framework/src/Illuminate/Http/Middleware/HandleCors.php(74): Illuminate/Pipeline/Pipeline->Illuminate/Pipeline/{closure}(Object(Illuminate/Http/Request))
#50 D:/merobiz-os/merobiz-os/api/vendor/laravel/framework/src/Illuminate/Pipeline/Pipeline.php(219): Illuminate/Http/Middleware/HandleCors->handle(Object(Illuminate/Http/Request), Object(Closure))
#51 D:/merobiz-os/merobiz-os/api/vendor/laravel/framework/src/Illuminate/Http/Middleware/TrustProxies.php(58): Illuminate/Pipeline/Pipeline->Illuminate/Pipeline/{closure}(Object(Illuminate/Http/Request))
#52 D:/merobiz-os/merobiz-os/api/vendor/laravel/framework/src/Illuminate/Pipeline/Pipeline.php(219): Illuminate/Http/Middleware/TrustProxies->handle(Object(Illuminate/Http/Request), Object(Closure))
#53 D:/merobiz-os/merobiz-os/api/vendor/laravel/framework/src/Illuminate/Foundation/Http/Middleware/InvokeDeferredCallbacks.php(22): Illuminate/Pipeline/Pipeline->Illuminate/Pipeline/{closure}(Object(Illuminate/Http/Request))
#54 D:/merobiz-os/merobiz-os/api/vendor/laravel/framework/src/Illuminate/Pipeline/Pipeline.php(219): Illuminate/Foundation/Http/Middleware/InvokeDeferredCallbacks->handle(Object(Illuminate/Http/Request), Object(Closure))
#55 D:/merobiz-os/merobiz-os/api/vendor/laravel/framework/src/Illuminate/Http/Middleware/ValidatePathEncoding.php(28): Illuminate/Pipeline/Pipeline->Illuminate/Pipeline/{closure}(Object(Illuminate/Http/Request))
#56 D:/merobiz-os/merobiz-os/api/vendor/laravel/framework/src/Illuminate/Pipeline/Pipeline.php(219): Illuminate/Http/Middleware/ValidatePathEncoding->handle(Object(Illuminate/Http/Request), Object(Closure))
#57 D:/merobiz-os/merobiz-os/api/vendor/laravel/framework/src/Illuminate/Pipeline/Pipeline.php(137): Illuminate/Pipeline/Pipeline->Illuminate/Pipeline/{closure}(Object(Illuminate/Http/Request))
#58 D:/merobiz-os/merobiz-os/api/vendor/laravel/framework/src/Illuminate/Foundation/Http/Kernel.php(175): Illuminate/Pipeline/Pipeline->then(Object(Closure))
#59 D:/merobiz-os/merobiz-os/api/vendor/laravel/framework/src/Illuminate/Foundation/Http/Kernel.php(144): Illuminate/Foundation/Http/Kernel->sendRequestThroughRouter(Object(Illuminate/Http/Request))
#60 D:/merobiz-os/merobiz-os/api/vendor/laravel/framework/src/Illuminate/Foundation/Application.php(1227): Illuminate/Foundation/Http/Kernel->handle(Object(Illuminate/Http/Request))
#61 D:/merobiz-os/merobiz-os/api/public/index.php(17): Illuminate/Foundation/Application->handleRequest(Object(Illuminate/Http/Request))
#62 D:/merobiz-os/merobiz-os/api/vendor/laravel/framework/src/Illuminate/Foundation/resources/server.php(23): require_once('D://merobiz-os//m...')
#63 {main}
"} 
[2026-09-02 23:20:04] local.ERROR: include(D:\merobiz-os\merobiz-os\api\vendor\composer/../../app/Http/Resources/UserResource.php): Failed to open stream: No such file or directory {"userId":1,"exception":"[object] (ErrorException(code: 0): include(D:\\merobiz-os\\merobiz-os\\api\\vendor\\composer/../../app/Http/Resources/UserResource.php): Failed to open stream: No such file or directory at D:/merobiz-os/merobiz-os/api/vendor/composer/ClassLoader.php:576)
[stacktrace]
#0 D:/merobiz-os/merobiz-os/api/vendor/laravel/framework/src/Illuminate/Foundation/Bootstrap/HandleExceptions.php(263): Illuminate/Foundation/Bootstrap/HandleExceptions->handleError(2, 'include(D://mero...', 'D://merobiz-os//m...', 576)
#1 D:/merobiz-os/merobiz-os/api/vendor/composer/ClassLoader.php(576): Illuminate/Foundation/Bootstrap/HandleExceptions->Illuminate/Foundation/Bootstrap/{closure}(2, 'include(D://mero...', 'D://merobiz-os//m...', 576)
#2 D:/merobiz-os/merobiz-os/api/vendor/composer/ClassLoader.php(576): include('D://merobiz-os//m...')
#3 D:/merobiz-os/merobiz-os/api/vendor/composer/ClassLoader.php(427): Composer/Autoload/{closure}('D://merobiz-os//m...')
#4 D:/merobiz-os/merobiz-os/api/app/Http/Controllers/AuthController.php(54): Composer/Autoload/ClassLoader->loadClass('App//Http//Resour...')
#5 D:/merobiz-os/merobiz-os/api/vendor/laravel/framework/src/Illuminate/Routing/ControllerDispatcher.php(46): App/Http/Controllers/AuthController->login(Object(App/Http/Requests/LoginRequest))
#6 D:/merobiz-os/merobiz-os/api/vendor/laravel/framework/src/Illuminate/Routing/Route.php(276): Illuminate/Routing/ControllerDispatcher->dispatch(Object(Illuminate/Routing/Route), Object(App/Http/Controllers/AuthController), 'login')
#7 D:/merobiz-os/merobiz-os/api/vendor/laravel/framework/src/Illuminate/Routing/Route.php(216): Illuminate/Routing/Route->runController()
#8 D:/merobiz-os/merobiz-os/api/vendor/laravel/framework/src/Illuminate/Routing/Router.php(822): Illuminate/Routing/Route->run()
#9 D:/merobiz-os/merobiz-os/api/vendor/laravel/framework/src/Illuminate/Pipeline/Pipeline.php(180): Illuminate/Routing/Router->Illuminate/Routing/{closure}(Object(Illuminate/Http/Request))
#10 D:/merobiz-os/merobiz-os/api/vendor/laravel/framework/src/Illuminate/Routing/Middleware/SubstituteBindings.php(52): Illuminate/Pipeline/Pipeline->Illuminate/Pipeline/{closure}(Object(Illuminate/Http/Request))
#11 D:/merobiz-os/merobiz-os/api/vendor/laravel/framework/src/Illuminate/Pipeline/Pipeline.php(219): Illuminate/Routing/Middleware/SubstituteBindings->handle(Object(Illuminate/Http/Request), Object(Closure))
#12 D:/merobiz-os/merobiz-os/api/vendor/laravel/framework/src/Illuminate/Routing/Middleware/ThrottleRequests.php(168): Illuminate/Pipeline/Pipeline->Illuminate/Pipeline/{closure}(Object(Illuminate/Http/Request))
#13 D:/merobiz-os/merobiz-os/api/vendor/laravel/framework/src/Illuminate/Routing/Middleware/ThrottleRequests.php(93): Illuminate/Routing/Middleware/ThrottleRequests->handleRequest(Object(Illuminate/Http/Request), Object(Closure), Array)
#14 D:/merobiz-os/merobiz-os/api/vendor/laravel/framework/src/Illuminate/Pipeline/Pipeline.php(219): Illuminate/Routing/Middleware/ThrottleRequests->handle(Object(Illuminate/Http/Request), Object(Closure), '10', '1')
#15 D:/merobiz-os/merobiz-os/api/vendor/laravel/sanctum/src/Http/Middleware/EnsureFrontendRequestsAreStateful.php(26): Illuminate/Pipeline/Pipeline->Illuminate/Pipeline/{closure}(Object(Illuminate/Http/Request))
#16 D:/merobiz-os/merobiz-os/api/vendor/laravel/framework/src/Illuminate/Pipeline/Pipeline.php(180): Laravel/Sanctum/Http/Middleware/EnsureFrontendRequestsAreStateful->Laravel/Sanctum/Http/Middleware/{closure}(Object(Illuminate/Http/Request))
#17 D:/merobiz-os/merobiz-os/api/vendor/laravel/sanctum/src/Http/Middleware/AuthenticateSession.php(60): Illuminate/Pipeline/Pipeline->Illuminate/Pipeline/{closure}(Object(Illuminate/Http/Request))
#18 D:/merobiz-os/merobiz-os/api/vendor/laravel/framework/src/Illuminate/Pipeline/Pipeline.php(219): Laravel/Sanctum/Http/Middleware/AuthenticateSession->handle(Object(Illuminate/Http/Request), Object(Closure))
#19 D:/merobiz-os/merobiz-os/api/vendor/laravel/framework/src/Illuminate/Foundation/Http/Middleware/PreventRequestForgery.php(104): Illuminate/Pipeline/Pipeline->Illuminate/Pipeline/{closure}(Object(Illuminate/Http/Request))
#20 D:/merobiz-os/merobiz-os/api/vendor/laravel/framework/src/Illuminate/Pipeline/Pipeline.php(219): Illuminate/Foundation/Http/Middleware/PreventRequestForgery->handle(Object(Illuminate/Http/Request), Object(Closure))
#21 D:/merobiz-os/merobiz-os/api/vendor/laravel/framework/src/Illuminate/Session/Middleware/StartSession.php(120): Illuminate/Pipeline/Pipeline->Illuminate/Pipeline/{closure}(Object(Illuminate/Http/Request))
#22 D:/merobiz-os/merobiz-os/api/vendor/laravel/framework/src/Illuminate/Session/Middleware/StartSession.php(63): Illuminate/Session/Middleware/StartSession->handleStatefulRequest(Object(Illuminate/Http/Request), Object(Illuminate/Session/Store), Object(Closure))
#23 D:/merobiz-os/merobiz-os/api/vendor/laravel/framework/src/Illuminate/Pipeline/Pipeline.php(219): Illuminate/Session/Middleware/StartSession->handle(Object(Illuminate/Http/Request), Object(Closure))
#24 D:/merobiz-os/merobiz-os/api/vendor/laravel/framework/src/Illuminate/Cookie/Middleware/AddQueuedCookiesToResponse.php(36): Illuminate/Pipeline/Pipeline->Illuminate/Pipeline/{closure}(Object(Illuminate/Http/Request))
#25 D:/merobiz-os/merobiz-os/api/vendor/laravel/framework/src/Illuminate/Pipeline/Pipeline.php(219): Illuminate/Cookie/Middleware/AddQueuedCookiesToResponse->handle(Object(Illuminate/Http/Request), Object(Closure))
#26 D:/merobiz-os/merobiz-os/api/vendor/laravel/framework/src/Illuminate/Cookie/Middleware/EncryptCookies.php(74): Illuminate/Pipeline/Pipeline->Illuminate/Pipeline/{closure}(Object(Illuminate/Http/Request))
#27 D:/merobiz-os/merobiz-os/api/vendor/laravel/framework/src/Illuminate/Pipeline/Pipeline.php(219): Illuminate/Cookie/Middleware/EncryptCookies->handle(Object(Illuminate/Http/Request), Object(Closure))
#28 D:/merobiz-os/merobiz-os/api/vendor/laravel/sanctum/src/Http/Middleware/EnsureFrontendRequestsAreStateful.php(61): Illuminate/Pipeline/Pipeline->Illuminate/Pipeline/{closure}(Object(Illuminate/Http/Request))
#29 D:/merobiz-os/merobiz-os/api/vendor/laravel/framework/src/Illuminate/Pipeline/Pipeline.php(201): Laravel/Sanctum/Http/Middleware/EnsureFrontendRequestsAreStateful->Laravel/Sanctum/Http/Middleware/{closure}(Object(Illuminate/Http/Request), Object(Closure))
#30 D:/merobiz-os/merobiz-os/api/vendor/laravel/framework/src/Illuminate/Pipeline/Pipeline.php(137): Illuminate/Pipeline/Pipeline->Illuminate/Pipeline/{closure}(Object(Illuminate/Http/Request))
#31 D:/merobiz-os/merobiz-os/api/vendor/laravel/sanctum/src/Http/Middleware/EnsureFrontendRequestsAreStateful.php(25): Illuminate/Pipeline/Pipeline->then(Object(Closure))
#32 D:/merobiz-os/merobiz-os/api/vendor/laravel/framework/src/Illuminate/Pipeline/Pipeline.php(219): Laravel/Sanctum/Http/Middleware/EnsureFrontendRequestsAreStateful->handle(Object(Illuminate/Http/Request), Object(Closure))
#33 D:/merobiz-os/merobiz-os/api/vendor/laravel/framework/src/Illuminate/Pipeline/Pipeline.php(137): Illuminate/Pipeline/Pipeline->Illuminate/Pipeline/{closure}(Object(Illuminate/Http/Request))
#34 D:/merobiz-os/merobiz-os/api/vendor/laravel/framework/src/Illuminate/Routing/Router.php(821): Illuminate/Pipeline/Pipeline->then(Object(Closure))
#35 D:/merobiz-os/merobiz-os/api/vendor/laravel/framework/src/Illuminate/Routing/Router.php(800): Illuminate/Routing/Router->runRouteWithinStack(Object(Illuminate/Routing/Route), Object(Illuminate/Http/Request))
#36 D:/merobiz-os/merobiz-os/api/vendor/laravel/framework/src/Illuminate/Routing/Router.php(764): Illuminate/Routing/Router->runRoute(Object(Illuminate/Http/Request), Object(Illuminate/Routing/Route))
#37 D:/merobiz-os/merobiz-os/api/vendor/laravel/framework/src/Illuminate/Routing/Router.php(753): Illuminate/Routing/Router->dispatchToRoute(Object(Illuminate/Http/Request))
#38 D:/merobiz-os/merobiz-os/api/vendor/laravel/framework/src/Illuminate/Foundation/Http/Kernel.php(200): Illuminate/Routing/Router->dispatch(Object(Illuminate/Http/Request))
#39 D:/merobiz-os/merobiz-os/api/vendor/laravel/framework/src/Illuminate/Pipeline/Pipeline.php(180): Illuminate/Foundation/Http/Kernel->Illuminate/Foundation/Http/{closure}(Object(Illuminate/Http/Request))
#40 D:/merobiz-os/merobiz-os/api/vendor/laravel/framework/src/Illuminate/Foundation/Http/Middleware/TransformsRequest.php(21): Illuminate/Pipeline/Pipeline->Illuminate/Pipeline/{closure}(Object(Illuminate/Http/Request))
#41 D:/merobiz-os/merobiz-os/api/vendor/laravel/framework/src/Illuminate/Foundation/Http/Middleware/ConvertEmptyStringsToNull.php(31): Illuminate/Foundation/Http/Middleware/TransformsRequest->handle(Object(Illuminate/Http/Request), Object(Closure))
#42 D:/merobiz-os/merobiz-os/api/vendor/laravel/framework/src/Illuminate/Pipeline/Pipeline.php(219): Illuminate/Foundation/Http/Middleware/ConvertEmptyStringsToNull->handle(Object(Illuminate/Http/Request), Object(Closure))
#43 D:/merobiz-os/merobiz-os/api/vendor/laravel/framework/src/Illuminate/Foundation/Http/Middleware/TransformsRequest.php(21): Illuminate/Pipeline/Pipeline->Illuminate/Pipeline/{closure}(Object(Illuminate/Http/Request))
#44 D:/merobiz-os/merobiz-os/api/vendor/laravel/framework/src/Illuminate/Foundation/Http/Middleware/TrimStrings.php(51): Illuminate/Foundation/Http/Middleware/TransformsRequest->handle(Object(Illuminate/Http/Request), Object(Closure))
#45 D:/merobiz-os/merobiz-os/api/vendor/laravel/framework/src/Illuminate/Pipeline/Pipeline.php(219): Illuminate/Foundation/Http/Middleware/TrimStrings->handle(Object(Illuminate/Http/Request), Object(Closure))
#46 D:/merobiz-os/merobiz-os/api/vendor/laravel/framework/src/Illuminate/Http/Middleware/ValidatePostSize.php(27): Illuminate/Pipeline/Pipeline->Illuminate/Pipeline/{closure}(Object(Illuminate/Http/Request))
#47 D:/merobiz-os/merobiz-os/api/vendor/laravel/framework/src/Illuminate/Pipeline/Pipeline.php(219): Illuminate/Http/Middleware/ValidatePostSize->handle(Object(Illuminate/Http/Request), Object(Closure))
#48 D:/merobiz-os/merobiz-os/api/vendor/laravel/framework/src/Illuminate/Foundation/Http/Middleware/PreventRequestsDuringMaintenance.php(110): Illuminate/Pipeline/Pipeline->Illuminate/Pipeline/{closure}(Object(Illuminate/Http/Request))
#49 D:/merobiz-os/merobiz-os/api/vendor/laravel/framework/src/Illuminate/Pipeline/Pipeline.php(219): Illuminate/Foundation/Http/Middleware/PreventRequestsDuringMaintenance->handle(Object(Illuminate/Http/Request), Object(Closure))
#50 D:/merobiz-os/merobiz-os/api/vendor/laravel/framework/src/Illuminate/Http/Middleware/HandleCors.php(74): Illuminate/Pipeline/Pipeline->Illuminate/Pipeline/{closure}(Object(Illuminate/Http/Request))
#51 D:/merobiz-os/merobiz-os/api/vendor/laravel/framework/src/Illuminate/Pipeline/Pipeline.php(219): Illuminate/Http/Middleware/HandleCors->handle(Object(Illuminate/Http/Request), Object(Closure))
#52 D:/merobiz-os/merobiz-os/api/vendor/laravel/framework/src/Illuminate/Http/Middleware/TrustProxies.php(58): Illuminate/Pipeline/Pipeline->Illuminate/Pipeline/{closure}(Object(Illuminate/Http/Request))
#53 D:/merobiz-os/merobiz-os/api/vendor/laravel/framework/src/Illuminate/Pipeline/Pipeline.php(219): Illuminate/Http/Middleware/TrustProxies->handle(Object(Illuminate/Http/Request), Object(Closure))
#54 D:/merobiz-os/merobiz-os/api/vendor/laravel/framework/src/Illuminate/Foundation/Http/Middleware/InvokeDeferredCallbacks.php(22): Illuminate/Pipeline/Pipeline->Illuminate/Pipeline/{closure}(Object(Illuminate/Http/Request))
#55 D:/merobiz-os/merobiz-os/api/vendor/laravel/framework/src/Illuminate/Pipeline/Pipeline.php(219): Illuminate/Foundation/Http/Middleware/InvokeDeferredCallbacks->handle(Object(Illuminate/Http/Request), Object(Closure))
#56 D:/merobiz-os/merobiz-os/api/vendor/laravel/framework/src/Illuminate/Http/Middleware/ValidatePathEncoding.php(28): Illuminate/Pipeline/Pipeline->Illuminate/Pipeline/{closure}(Object(Illuminate/Http/Request))
#57 D:/merobiz-os/merobiz-os/api/vendor/laravel/framework/src/Illuminate/Pipeline/Pipeline.php(219): Illuminate/Http/Middleware/ValidatePathEncoding->handle(Object(Illuminate/Http/Request), Object(Closure))
#58 D:/merobiz-os/merobiz-os/api/vendor/laravel/framework/src/Illuminate/Pipeline/Pipeline.php(137): Illuminate/Pipeline/Pipeline->Illuminate/Pipeline/{closure}(Object(Illuminate/Http/Request))
#59 D:/merobiz-os/merobiz-os/api/vendor/laravel/framework/src/Illuminate/Foundation/Http/Kernel.php(175): Illuminate/Pipeline/Pipeline->then(Object(Closure))
#60 D:/merobiz-os/merobiz-os/api/vendor/laravel/framework/src/Illuminate/Foundation/Http/Kernel.php(144): Illuminate/Foundation/Http/Kernel->sendRequestThroughRouter(Object(Illuminate/Http/Request))
#61 D:/merobiz-os/merobiz-os/api/vendor/laravel/framework/src/Illuminate/Foundation/Application.php(1227): Illuminate/Foundation/Http/Kernel->handle(Object(Illuminate/Http/Request))
#62 D:/merobiz-os/merobiz-os/api/public/index.php(17): Illuminate/Foundation/Application->handleRequest(Object(Illuminate/Http/Request))
#63 D:/merobiz-os/merobiz-os/api/vendor/laravel/framework/src/Illuminate/Foundation/resources/server.php(23): require_once('D://merobiz-os//m...')
#64 {main}
"} 
[2026-09-02 23:21:30] local.ERROR: include(D:\merobiz-os\merobiz-os\api\vendor\composer/../../app/Http/Resources/UserResource.php): Failed to open stream: No such file or directory {"userId":1,"exception":"[object] (ErrorException(code: 0): include(D:\\merobiz-os\\merobiz-os\\api\\vendor\\composer/../../app/Http/Resources/UserResource.php): Failed to open stream: No such file or directory at D:/merobiz-os/merobiz-os/api/vendor/composer/ClassLoader.php:576)
[stacktrace]
#0 D:/merobiz-os/merobiz-os/api/vendor/laravel/framework/src/Illuminate/Foundation/Bootstrap/HandleExceptions.php(263): Illuminate/Foundation/Bootstrap/HandleExceptions->handleError(2, 'include(D://mero...', 'D://merobiz-os//m...', 576)
#1 D:/merobiz-os/merobiz-os/api/vendor/composer/ClassLoader.php(576): Illuminate/Foundation/Bootstrap/HandleExceptions->Illuminate/Foundation/Bootstrap/{closure}(2, 'include(D://mero...', 'D://merobiz-os//m...', 576)
#2 D:/merobiz-os/merobiz-os/api/vendor/composer/ClassLoader.php(576): include('D://merobiz-os//m...')
#3 D:/merobiz-os/merobiz-os/api/vendor/composer/ClassLoader.php(427): Composer/Autoload/{closure}('D://merobiz-os//m...')
#4 D:/merobiz-os/merobiz-os/api/app/Http/Controllers/AuthController.php(61): Composer/Autoload/ClassLoader->loadClass('App//Http//Resour...')
#5 D:/merobiz-os/merobiz-os/api/vendor/laravel/framework/src/Illuminate/Routing/ControllerDispatcher.php(46): App/Http/Controllers/AuthController->me(Object(Illuminate/Http/Request))
#6 D:/merobiz-os/merobiz-os/api/vendor/laravel/framework/src/Illuminate/Routing/Route.php(276): Illuminate/Routing/ControllerDispatcher->dispatch(Object(Illuminate/Routing/Route), Object(App/Http/Controllers/AuthController), 'me')
#7 D:/merobiz-os/merobiz-os/api/vendor/laravel/framework/src/Illuminate/Routing/Route.php(216): Illuminate/Routing/Route->runController()
#8 D:/merobiz-os/merobiz-os/api/vendor/laravel/framework/src/Illuminate/Routing/Router.php(822): Illuminate/Routing/Route->run()
#9 D:/merobiz-os/merobiz-os/api/vendor/laravel/framework/src/Illuminate/Pipeline/Pipeline.php(180): Illuminate/Routing/Router->Illuminate/Routing/{closure}(Object(Illuminate/Http/Request))
#10 D:/merobiz-os/merobiz-os/api/vendor/laravel/framework/src/Illuminate/Routing/Middleware/SubstituteBindings.php(52): Illuminate/Pipeline/Pipeline->Illuminate/Pipeline/{closure}(Object(Illuminate/Http/Request))
#11 D:/merobiz-os/merobiz-os/api/vendor/laravel/framework/src/Illuminate/Pipeline/Pipeline.php(219): Illuminate/Routing/Middleware/SubstituteBindings->handle(Object(Illuminate/Http/Request), Object(Closure))
#12 D:/merobiz-os/merobiz-os/api/vendor/laravel/framework/src/Illuminate/Auth/Middleware/Authenticate.php(63): Illuminate/Pipeline/Pipeline->Illuminate/Pipeline/{closure}(Object(Illuminate/Http/Request))
#13 D:/merobiz-os/merobiz-os/api/vendor/laravel/framework/src/Illuminate/Pipeline/Pipeline.php(219): Illuminate/Auth/Middleware/Authenticate->handle(Object(Illuminate/Http/Request), Object(Closure), 'sanctum')
#14 D:/merobiz-os/merobiz-os/api/vendor/laravel/sanctum/src/Http/Middleware/EnsureFrontendRequestsAreStateful.php(26): Illuminate/Pipeline/Pipeline->Illuminate/Pipeline/{closure}(Object(Illuminate/Http/Request))
#15 D:/merobiz-os/merobiz-os/api/vendor/laravel/framework/src/Illuminate/Pipeline/Pipeline.php(180): Laravel/Sanctum/Http/Middleware/EnsureFrontendRequestsAreStateful->Laravel/Sanctum/Http/Middleware/{closure}(Object(Illuminate/Http/Request))
#16 D:/merobiz-os/merobiz-os/api/vendor/laravel/sanctum/src/Http/Middleware/AuthenticateSession.php(60): Illuminate/Pipeline/Pipeline->Illuminate/Pipeline/{closure}(Object(Illuminate/Http/Request))
#17 D:/merobiz-os/merobiz-os/api/vendor/laravel/framework/src/Illuminate/Pipeline/Pipeline.php(219): Laravel/Sanctum/Http/Middleware/AuthenticateSession->handle(Object(Illuminate/Http/Request), Object(Closure))
#18 D:/merobiz-os/merobiz-os/api/vendor/laravel/framework/src/Illuminate/Foundation/Http/Middleware/PreventRequestForgery.php(104): Illuminate/Pipeline/Pipeline->Illuminate/Pipeline/{closure}(Object(Illuminate/Http/Request))
#19 D:/merobiz-os/merobiz-os/api/vendor/laravel/framework/src/Illuminate/Pipeline/Pipeline.php(219): Illuminate/Foundation/Http/Middleware/PreventRequestForgery->handle(Object(Illuminate/Http/Request), Object(Closure))
#20 D:/merobiz-os/merobiz-os/api/vendor/laravel/framework/src/Illuminate/Session/Middleware/StartSession.php(120): Illuminate/Pipeline/Pipeline->Illuminate/Pipeline/{closure}(Object(Illuminate/Http/Request))
#21 D:/merobiz-os/merobiz-os/api/vendor/laravel/framework/src/Illuminate/Session/Middleware/StartSession.php(63): Illuminate/Session/Middleware/StartSession->handleStatefulRequest(Object(Illuminate/Http/Request), Object(Illuminate/Session/Store), Object(Closure))
#22 D:/merobiz-os/merobiz-os/api/vendor/laravel/framework/src/Illuminate/Pipeline/Pipeline.php(219): Illuminate/Session/Middleware/StartSession->handle(Object(Illuminate/Http/Request), Object(Closure))
#23 D:/merobiz-os/merobiz-os/api/vendor/laravel/framework/src/Illuminate/Cookie/Middleware/AddQueuedCookiesToResponse.php(36): Illuminate/Pipeline/Pipeline->Illuminate/Pipeline/{closure}(Object(Illuminate/Http/Request))
#24 D:/merobiz-os/merobiz-os/api/vendor/laravel/framework/src/Illuminate/Pipeline/Pipeline.php(219): Illuminate/Cookie/Middleware/AddQueuedCookiesToResponse->handle(Object(Illuminate/Http/Request), Object(Closure))
#25 D:/merobiz-os/merobiz-os/api/vendor/laravel/framework/src/Illuminate/Cookie/Middleware/EncryptCookies.php(74): Illuminate/Pipeline/Pipeline->Illuminate/Pipeline/{closure}(Object(Illuminate/Http/Request))
#26 D:/merobiz-os/merobiz-os/api/vendor/laravel/framework/src/Illuminate/Pipeline/Pipeline.php(219): Illuminate/Cookie/Middleware/EncryptCookies->handle(Object(Illuminate/Http/Request), Object(Closure))
#27 D:/merobiz-os/merobiz-os/api/vendor/laravel/sanctum/src/Http/Middleware/EnsureFrontendRequestsAreStateful.php(61): Illuminate/Pipeline/Pipeline->Illuminate/Pipeline/{closure}(Object(Illuminate/Http/Request))
#28 D:/merobiz-os/merobiz-os/api/vendor/laravel/framework/src/Illuminate/Pipeline/Pipeline.php(201): Laravel/Sanctum/Http/Middleware/EnsureFrontendRequestsAreStateful->Laravel/Sanctum/Http/Middleware/{closure}(Object(Illuminate/Http/Request), Object(Closure))
#29 D:/merobiz-os/merobiz-os/api/vendor/laravel/framework/src/Illuminate/Pipeline/Pipeline.php(137): Illuminate/Pipeline/Pipeline->Illuminate/Pipeline/{closure}(Object(Illuminate/Http/Request))
#30 D:/merobiz-os/merobiz-os/api/vendor/laravel/sanctum/src/Http/Middleware/EnsureFrontendRequestsAreStateful.php(25): Illuminate/Pipeline/Pipeline->then(Object(Closure))
#31 D:/merobiz-os/merobiz-os/api/vendor/laravel/framework/src/Illuminate/Pipeline/Pipeline.php(219): Laravel/Sanctum/Http/Middleware/EnsureFrontendRequestsAreStateful->handle(Object(Illuminate/Http/Request), Object(Closure))
#32 D:/merobiz-os/merobiz-os/api/vendor/laravel/framework/src/Illuminate/Pipeline/Pipeline.php(137): Illuminate/Pipeline/Pipeline->Illuminate/Pipeline/{closure}(Object(Illuminate/Http/Request))
#33 D:/merobiz-os/merobiz-os/api/vendor/laravel/framework/src/Illuminate/Routing/Router.php(821): Illuminate/Pipeline/Pipeline->then(Object(Closure))
#34 D:/merobiz-os/merobiz-os/api/vendor/laravel/framework/src/Illuminate/Routing/Router.php(800): Illuminate/Routing/Router->runRouteWithinStack(Object(Illuminate/Routing/Route), Object(Illuminate/Http/Request))
#35 D:/merobiz-os/merobiz-os/api/vendor/laravel/framework/src/Illuminate/Routing/Router.php(764): Illuminate/Routing/Router->runRoute(Object(Illuminate/Http/Request), Object(Illuminate/Routing/Route))
#36 D:/merobiz-os/merobiz-os/api/vendor/laravel/framework/src/Illuminate/Routing/Router.php(753): Illuminate/Routing/Router->dispatchToRoute(Object(Illuminate/Http/Request))
#37 D:/merobiz-os/merobiz-os/api/vendor/laravel/framework/src/Illuminate/Foundation/Http/Kernel.php(200): Illuminate/Routing/Router->dispatch(Object(Illuminate/Http/Request))
#38 D:/merobiz-os/merobiz-os/api/vendor/laravel/framework/src/Illuminate/Pipeline/Pipeline.php(180): Illuminate/Foundation/Http/Kernel->Illuminate/Foundation/Http/{closure}(Object(Illuminate/Http/Request))
#39 D:/merobiz-os/merobiz-os/api/vendor/laravel/framework/src/Illuminate/Foundation/Http/Middleware/TransformsRequest.php(21): Illuminate/Pipeline/Pipeline->Illuminate/Pipeline/{closure}(Object(Illuminate/Http/Request))
#40 D:/merobiz-os/merobiz-os/api/vendor/laravel/framework/src/Illuminate/Foundation/Http/Middleware/ConvertEmptyStringsToNull.php(31): Illuminate/Foundation/Http/Middleware/TransformsRequest->handle(Object(Illuminate/Http/Request), Object(Closure))
#41 D:/merobiz-os/merobiz-os/api/vendor/laravel/framework/src/Illuminate/Pipeline/Pipeline.php(219): Illuminate/Foundation/Http/Middleware/ConvertEmptyStringsToNull->handle(Object(Illuminate/Http/Request), Object(Closure))
#42 D:/merobiz-os/merobiz-os/api/vendor/laravel/framework/src/Illuminate/Foundation/Http/Middleware/TransformsRequest.php(21): Illuminate/Pipeline/Pipeline->Illuminate/Pipeline/{closure}(Object(Illuminate/Http/Request))
#43 D:/merobiz-os/merobiz-os/api/vendor/laravel/framework/src/Illuminate/Foundation/Http/Middleware/TrimStrings.php(51): Illuminate/Foundation/Http/Middleware/TransformsRequest->handle(Object(Illuminate/Http/Request), Object(Closure))
#44 D:/merobiz-os/merobiz-os/api/vendor/laravel/framework/src/Illuminate/Pipeline/Pipeline.php(219): Illuminate/Foundation/Http/Middleware/TrimStrings->handle(Object(Illuminate/Http/Request), Object(Closure))
#45 D:/merobiz-os/merobiz-os/api/vendor/laravel/framework/src/Illuminate/Http/Middleware/ValidatePostSize.php(27): Illuminate/Pipeline/Pipeline->Illuminate/Pipeline/{closure}(Object(Illuminate/Http/Request))
#46 D:/merobiz-os/merobiz-os/api/vendor/laravel/framework/src/Illuminate/Pipeline/Pipeline.php(219): Illuminate/Http/Middleware/ValidatePostSize->handle(Object(Illuminate/Http/Request), Object(Closure))
#47 D:/merobiz-os/merobiz-os/api/vendor/laravel/framework/src/Illuminate/Foundation/Http/Middleware/PreventRequestsDuringMaintenance.php(110): Illuminate/Pipeline/Pipeline->Illuminate/Pipeline/{closure}(Object(Illuminate/Http/Request))
#48 D:/merobiz-os/merobiz-os/api/vendor/laravel/framework/src/Illuminate/Pipeline/Pipeline.php(219): Illuminate/Foundation/Http/Middleware/PreventRequestsDuringMaintenance->handle(Object(Illuminate/Http/Request), Object(Closure))
#49 D:/merobiz-os/merobiz-os/api/vendor/laravel/framework/src/Illuminate/Http/Middleware/HandleCors.php(74): Illuminate/Pipeline/Pipeline->Illuminate/Pipeline/{closure}(Object(Illuminate/Http/Request))
#50 D:/merobiz-os/merobiz-os/api/vendor/laravel/framework/src/Illuminate/Pipeline/Pipeline.php(219): Illuminate/Http/Middleware/HandleCors->handle(Object(Illuminate/Http/Request), Object(Closure))
#51 D:/merobiz-os/merobiz-os/api/vendor/laravel/framework/src/Illuminate/Http/Middleware/TrustProxies.php(58): Illuminate/Pipeline/Pipeline->Illuminate/Pipeline/{closure}(Object(Illuminate/Http/Request))
#52 D:/merobiz-os/merobiz-os/api/vendor/laravel/framework/src/Illuminate/Pipeline/Pipeline.php(219): Illuminate/Http/Middleware/TrustProxies->handle(Object(Illuminate/Http/Request), Object(Closure))
#53 D:/merobiz-os/merobiz-os/api/vendor/laravel/framework/src/Illuminate/Foundation/Http/Middleware/InvokeDeferredCallbacks.php(22): Illuminate/Pipeline/Pipeline->Illuminate/Pipeline/{closure}(Object(Illuminate/Http/Request))
#54 D:/merobiz-os/merobiz-os/api/vendor/laravel/framework/src/Illuminate/Pipeline/Pipeline.php(219): Illuminate/Foundation/Http/Middleware/InvokeDeferredCallbacks->handle(Object(Illuminate/Http/Request), Object(Closure))
#55 D:/merobiz-os/merobiz-os/api/vendor/laravel/framework/src/Illuminate/Http/Middleware/ValidatePathEncoding.php(28): Illuminate/Pipeline/Pipeline->Illuminate/Pipeline/{closure}(Object(Illuminate/Http/Request))
#56 D:/merobiz-os/merobiz-os/api/vendor/laravel/framework/src/Illuminate/Pipeline/Pipeline.php(219): Illuminate/Http/Middleware/ValidatePathEncoding->handle(Object(Illuminate/Http/Request), Object(Closure))
#57 D:/merobiz-os/merobiz-os/api/vendor/laravel/framework/src/Illuminate/Pipeline/Pipeline.php(137): Illuminate/Pipeline/Pipeline->Illuminate/Pipeline/{closure}(Object(Illuminate/Http/Request))
#58 D:/merobiz-os/merobiz-os/api/vendor/laravel/framework/src/Illuminate/Foundation/Http/Kernel.php(175): Illuminate/Pipeline/Pipeline->then(Object(Closure))
#59 D:/merobiz-os/merobiz-os/api/vendor/laravel/framework/src/Illuminate/Foundation/Http/Kernel.php(144): Illuminate/Foundation/Http/Kernel->sendRequestThroughRouter(Object(Illuminate/Http/Request))
#60 D:/merobiz-os/merobiz-os/api/vendor/laravel/framework/src/Illuminate/Foundation/Application.php(1227): Illuminate/Foundation/Http/Kernel->handle(Object(Illuminate/Http/Request))
#61 D:/merobiz-os/merobiz-os/api/public/index.php(17): Illuminate/Foundation/Application->handleRequest(Object(Illuminate/Http/Request))
#62 D:/merobiz-os/merobiz-os/api/vendor/laravel/framework/src/Illuminate/Foundation/resources/server.php(23): require_once('D://merobiz-os//m...')
#63 {main}
"} 
[2026-09-02 23:21:36] local.ERROR: include(D:\merobiz-os\merobiz-os\api\vendor\composer/../../app/Http/Resources/UserResource.php): Failed to open stream: No such file or directory {"userId":1,"exception":"[object] (ErrorException(code: 0): include(D:\\merobiz-os\\merobiz-os\\api\\vendor\\composer/../../app/Http/Resources/UserResource.php): Failed to open stream: No such file or directory at D:/merobiz-os/merobiz-os/api/vendor/composer/ClassLoader.php:576)
[stacktrace]
#0 D:/merobiz-os/merobiz-os/api/vendor/laravel/framework/src/Illuminate/Foundation/Bootstrap/HandleExceptions.php(263): Illuminate/Foundation/Bootstrap/HandleExceptions->handleError(2, 'include(D://mero...', 'D://merobiz-os//m...', 576)
#1 D:/merobiz-os/merobiz-os/api/vendor/composer/ClassLoader.php(576): Illuminate/Foundation/Bootstrap/HandleExceptions->Illuminate/Foundation/Bootstrap/{closure}(2, 'include(D://mero...', 'D://merobiz-os//m...', 576)
#2 D:/merobiz-os/merobiz-os/api/vendor/composer/ClassLoader.php(576): include('D://merobiz-os//m...')
#3 D:/merobiz-os/merobiz-os/api/vendor/composer/ClassLoader.php(427): Composer/Autoload/{closure}('D://merobiz-os//m...')
#4 D:/merobiz-os/merobiz-os/api/app/Http/Controllers/AuthController.php(54): Composer/Autoload/ClassLoader->loadClass('App//Http//Resour...')
#5 D:/merobiz-os/merobiz-os/api/vendor/laravel/framework/src/Illuminate/Routing/ControllerDispatcher.php(46): App/Http/Controllers/AuthController->login(Object(App/Http/Requests/LoginRequest))
#6 D:/merobiz-os/merobiz-os/api/vendor/laravel/framework/src/Illuminate/Routing/Route.php(276): Illuminate/Routing/ControllerDispatcher->dispatch(Object(Illuminate/Routing/Route), Object(App/Http/Controllers/AuthController), 'login')
#7 D:/merobiz-os/merobiz-os/api/vendor/laravel/framework/src/Illuminate/Routing/Route.php(216): Illuminate/Routing/Route->runController()
#8 D:/merobiz-os/merobiz-os/api/vendor/laravel/framework/src/Illuminate/Routing/Router.php(822): Illuminate/Routing/Route->run()
#9 D:/merobiz-os/merobiz-os/api/vendor/laravel/framework/src/Illuminate/Pipeline/Pipeline.php(180): Illuminate/Routing/Router->Illuminate/Routing/{closure}(Object(Illuminate/Http/Request))
#10 D:/merobiz-os/merobiz-os/api/vendor/laravel/framework/src/Illuminate/Routing/Middleware/SubstituteBindings.php(52): Illuminate/Pipeline/Pipeline->Illuminate/Pipeline/{closure}(Object(Illuminate/Http/Request))
#11 D:/merobiz-os/merobiz-os/api/vendor/laravel/framework/src/Illuminate/Pipeline/Pipeline.php(219): Illuminate/Routing/Middleware/SubstituteBindings->handle(Object(Illuminate/Http/Request), Object(Closure))
#12 D:/merobiz-os/merobiz-os/api/vendor/laravel/framework/src/Illuminate/Routing/Middleware/ThrottleRequests.php(168): Illuminate/Pipeline/Pipeline->Illuminate/Pipeline/{closure}(Object(Illuminate/Http/Request))
#13 D:/merobiz-os/merobiz-os/api/vendor/laravel/framework/src/Illuminate/Routing/Middleware/ThrottleRequests.php(93): Illuminate/Routing/Middleware/ThrottleRequests->handleRequest(Object(Illuminate/Http/Request), Object(Closure), Array)
#14 D:/merobiz-os/merobiz-os/api/vendor/laravel/framework/src/Illuminate/Pipeline/Pipeline.php(219): Illuminate/Routing/Middleware/ThrottleRequests->handle(Object(Illuminate/Http/Request), Object(Closure), '10', '1')
#15 D:/merobiz-os/merobiz-os/api/vendor/laravel/sanctum/src/Http/Middleware/EnsureFrontendRequestsAreStateful.php(26): Illuminate/Pipeline/Pipeline->Illuminate/Pipeline/{closure}(Object(Illuminate/Http/Request))
#16 D:/merobiz-os/merobiz-os/api/vendor/laravel/framework/src/Illuminate/Pipeline/Pipeline.php(180): Laravel/Sanctum/Http/Middleware/EnsureFrontendRequestsAreStateful->Laravel/Sanctum/Http/Middleware/{closure}(Object(Illuminate/Http/Request))
#17 D:/merobiz-os/merobiz-os/api/vendor/laravel/sanctum/src/Http/Middleware/AuthenticateSession.php(60): Illuminate/Pipeline/Pipeline->Illuminate/Pipeline/{closure}(Object(Illuminate/Http/Request))
#18 D:/merobiz-os/merobiz-os/api/vendor/laravel/framework/src/Illuminate/Pipeline/Pipeline.php(219): Laravel/Sanctum/Http/Middleware/AuthenticateSession->handle(Object(Illuminate/Http/Request), Object(Closure))
#19 D:/merobiz-os/merobiz-os/api/vendor/laravel/framework/src/Illuminate/Foundation/Http/Middleware/PreventRequestForgery.php(104): Illuminate/Pipeline/Pipeline->Illuminate/Pipeline/{closure}(Object(Illuminate/Http/Request))
#20 D:/merobiz-os/merobiz-os/api/vendor/laravel/framework/src/Illuminate/Pipeline/Pipeline.php(219): Illuminate/Foundation/Http/Middleware/PreventRequestForgery->handle(Object(Illuminate/Http/Request), Object(Closure))
#21 D:/merobiz-os/merobiz-os/api/vendor/laravel/framework/src/Illuminate/Session/Middleware/StartSession.php(120): Illuminate/Pipeline/Pipeline->Illuminate/Pipeline/{closure}(Object(Illuminate/Http/Request))
#22 D:/merobiz-os/merobiz-os/api/vendor/laravel/framework/src/Illuminate/Session/Middleware/StartSession.php(63): Illuminate/Session/Middleware/StartSession->handleStatefulRequest(Object(Illuminate/Http/Request), Object(Illuminate/Session/Store), Object(Closure))
#23 D:/merobiz-os/merobiz-os/api/vendor/laravel/framework/src/Illuminate/Pipeline/Pipeline.php(219): Illuminate/Session/Middleware/StartSession->handle(Object(Illuminate/Http/Request), Object(Closure))
#24 D:/merobiz-os/merobiz-os/api/vendor/laravel/framework/src/Illuminate/Cookie/Middleware/AddQueuedCookiesToResponse.php(36): Illuminate/Pipeline/Pipeline->Illuminate/Pipeline/{closure}(Object(Illuminate/Http/Request))
#25 D:/merobiz-os/merobiz-os/api/vendor/laravel/framework/src/Illuminate/Pipeline/Pipeline.php(219): Illuminate/Cookie/Middleware/AddQueuedCookiesToResponse->handle(Object(Illuminate/Http/Request), Object(Closure))
#26 D:/merobiz-os/merobiz-os/api/vendor/laravel/framework/src/Illuminate/Cookie/Middleware/EncryptCookies.php(74): Illuminate/Pipeline/Pipeline->Illuminate/Pipeline/{closure}(Object(Illuminate/Http/Request))
#27 D:/merobiz-os/merobiz-os/api/vendor/laravel/framework/src/Illuminate/Pipeline/Pipeline.php(219): Illuminate/Cookie/Middleware/EncryptCookies->handle(Object(Illuminate/Http/Request), Object(Closure))
#28 D:/merobiz-os/merobiz-os/api/vendor/laravel/sanctum/src/Http/Middleware/EnsureFrontendRequestsAreStateful.php(61): Illuminate/Pipeline/Pipeline->Illuminate/Pipeline/{closure}(Object(Illuminate/Http/Request))
#29 D:/merobiz-os/merobiz-os/api/vendor/laravel/framework/src/Illuminate/Pipeline/Pipeline.php(201): Laravel/Sanctum/Http/Middleware/EnsureFrontendRequestsAreStateful->Laravel/Sanctum/Http/Middleware/{closure}(Object(Illuminate/Http/Request), Object(Closure))
#30 D:/merobiz-os/merobiz-os/api/vendor/laravel/framework/src/Illuminate/Pipeline/Pipeline.php(137): Illuminate/Pipeline/Pipeline->Illuminate/Pipeline/{closure}(Object(Illuminate/Http/Request))
#31 D:/merobiz-os/merobiz-os/api/vendor/laravel/sanctum/src/Http/Middleware/EnsureFrontendRequestsAreStateful.php(25): Illuminate/Pipeline/Pipeline->then(Object(Closure))
#32 D:/merobiz-os/merobiz-os/api/vendor/laravel/framework/src/Illuminate/Pipeline/Pipeline.php(219): Laravel/Sanctum/Http/Middleware/EnsureFrontendRequestsAreStateful->handle(Object(Illuminate/Http/Request), Object(Closure))
#33 D:/merobiz-os/merobiz-os/api/vendor/laravel/framework/src/Illuminate/Pipeline/Pipeline.php(137): Illuminate/Pipeline/Pipeline->Illuminate/Pipeline/{closure}(Object(Illuminate/Http/Request))
#34 D:/merobiz-os/merobiz-os/api/vendor/laravel/framework/src/Illuminate/Routing/Router.php(821): Illuminate/Pipeline/Pipeline->then(Object(Closure))
#35 D:/merobiz-os/merobiz-os/api/vendor/laravel/framework/src/Illuminate/Routing/Router.php(800): Illuminate/Routing/Router->runRouteWithinStack(Object(Illuminate/Routing/Route), Object(Illuminate/Http/Request))
#36 D:/merobiz-os/merobiz-os/api/vendor/laravel/framework/src/Illuminate/Routing/Router.php(764): Illuminate/Routing/Router->runRoute(Object(Illuminate/Http/Request), Object(Illuminate/Routing/Route))
#37 D:/merobiz-os/merobiz-os/api/vendor/laravel/framework/src/Illuminate/Routing/Router.php(753): Illuminate/Routing/Router->dispatchToRoute(Object(Illuminate/Http/Request))
#38 D:/merobiz-os/merobiz-os/api/vendor/laravel/framework/src/Illuminate/Foundation/Http/Kernel.php(200): Illuminate/Routing/Router->dispatch(Object(Illuminate/Http/Request))
#39 D:/merobiz-os/merobiz-os/api/vendor/laravel/framework/src/Illuminate/Pipeline/Pipeline.php(180): Illuminate/Foundation/Http/Kernel->Illuminate/Foundation/Http/{closure}(Object(Illuminate/Http/Request))
#40 D:/merobiz-os/merobiz-os/api/vendor/laravel/framework/src/Illuminate/Foundation/Http/Middleware/TransformsRequest.php(21): Illuminate/Pipeline/Pipeline->Illuminate/Pipeline/{closure}(Object(Illuminate/Http/Request))
#41 D:/merobiz-os/merobiz-os/api/vendor/laravel/framework/src/Illuminate/Foundation/Http/Middleware/ConvertEmptyStringsToNull.php(31): Illuminate/Foundation/Http/Middleware/TransformsRequest->handle(Object(Illuminate/Http/Request), Object(Closure))
#42 D:/merobiz-os/merobiz-os/api/vendor/laravel/framework/src/Illuminate/Pipeline/Pipeline.php(219): Illuminate/Foundation/Http/Middleware/ConvertEmptyStringsToNull->handle(Object(Illuminate/Http/Request), Object(Closure))
#43 D:/merobiz-os/merobiz-os/api/vendor/laravel/framework/src/Illuminate/Foundation/Http/Middleware/TransformsRequest.php(21): Illuminate/Pipeline/Pipeline->Illuminate/Pipeline/{closure}(Object(Illuminate/Http/Request))
#44 D:/merobiz-os/merobiz-os/api/vendor/laravel/framework/src/Illuminate/Foundation/Http/Middleware/TrimStrings.php(51): Illuminate/Foundation/Http/Middleware/TransformsRequest->handle(Object(Illuminate/Http/Request), Object(Closure))
#45 D:/merobiz-os/merobiz-os/api/vendor/laravel/framework/src/Illuminate/Pipeline/Pipeline.php(219): Illuminate/Foundation/Http/Middleware/TrimStrings->handle(Object(Illuminate/Http/Request), Object(Closure))
#46 D:/merobiz-os/merobiz-os/api/vendor/laravel/framework/src/Illuminate/Http/Middleware/ValidatePostSize.php(27): Illuminate/Pipeline/Pipeline->Illuminate/Pipeline/{closure}(Object(Illuminate/Http/Request))
#47 D:/merobiz-os/merobiz-os/api/vendor/laravel/framework/src/Illuminate/Pipeline/Pipeline.php(219): Illuminate/Http/Middleware/ValidatePostSize->handle(Object(Illuminate/Http/Request), Object(Closure))
#48 D:/merobiz-os/merobiz-os/api/vendor/laravel/framework/src/Illuminate/Foundation/Http/Middleware/PreventRequestsDuringMaintenance.php(110): Illuminate/Pipeline/Pipeline->Illuminate/Pipeline/{closure}(Object(Illuminate/Http/Request))
#49 D:/merobiz-os/merobiz-os/api/vendor/laravel/framework/src/Illuminate/Pipeline/Pipeline.php(219): Illuminate/Foundation/Http/Middleware/PreventRequestsDuringMaintenance->handle(Object(Illuminate/Http/Request), Object(Closure))
#50 D:/merobiz-os/merobiz-os/api/vendor/laravel/framework/src/Illuminate/Http/Middleware/HandleCors.php(74): Illuminate/Pipeline/Pipeline->Illuminate/Pipeline/{closure}(Object(Illuminate/Http/Request))
#51 D:/merobiz-os/merobiz-os/api/vendor/laravel/framework/src/Illuminate/Pipeline/Pipeline.php(219): Illuminate/Http/Middleware/HandleCors->handle(Object(Illuminate/Http/Request), Object(Closure))
#52 D:/merobiz-os/merobiz-os/api/vendor/laravel/framework/src/Illuminate/Http/Middleware/TrustProxies.php(58): Illuminate/Pipeline/Pipeline->Illuminate/Pipeline/{closure}(Object(Illuminate/Http/Request))
#53 D:/merobiz-os/merobiz-os/api/vendor/laravel/framework/src/Illuminate/Pipeline/Pipeline.php(219): Illuminate/Http/Middleware/TrustProxies->handle(Object(Illuminate/Http/Request), Object(Closure))
#54 D:/merobiz-os/merobiz-os/api/vendor/laravel/framework/src/Illuminate/Foundation/Http/Middleware/InvokeDeferredCallbacks.php(22): Illuminate/Pipeline/Pipeline->Illuminate/Pipeline/{closure}(Object(Illuminate/Http/Request))
#55 D:/merobiz-os/merobiz-os/api/vendor/laravel/framework/src/Illuminate/Pipeline/Pipeline.php(219): Illuminate/Foundation/Http/Middleware/InvokeDeferredCallbacks->handle(Object(Illuminate/Http/Request), Object(Closure))
#56 D:/merobiz-os/merobiz-os/api/vendor/laravel/framework/src/Illuminate/Http/Middleware/ValidatePathEncoding.php(28): Illuminate/Pipeline/Pipeline->Illuminate/Pipeline/{closure}(Object(Illuminate/Http/Request))
#57 D:/merobiz-os/merobiz-os/api/vendor/laravel/framework/src/Illuminate/Pipeline/Pipeline.php(219): Illuminate/Http/Middleware/ValidatePathEncoding->handle(Object(Illuminate/Http/Request), Object(Closure))
#58 D:/merobiz-os/merobiz-os/api/vendor/laravel/framework/src/Illuminate/Pipeline/Pipeline.php(137): Illuminate/Pipeline/Pipeline->Illuminate/Pipeline/{closure}(Object(Illuminate/Http/Request))
#59 D:/merobiz-os/merobiz-os/api/vendor/laravel/framework/src/Illuminate/Foundation/Http/Kernel.php(175): Illuminate/Pipeline/Pipeline->then(Object(Closure))
#60 D:/merobiz-os/merobiz-os/api/vendor/laravel/framework/src/Illuminate/Foundation/Http/Kernel.php(144): Illuminate/Foundation/Http/Kernel->sendRequestThroughRouter(Object(Illuminate/Http/Request))
#61 D:/merobiz-os/merobiz-os/api/vendor/laravel/framework/src/Illuminate/Foundation/Application.php(1227): Illuminate/Foundation/Http/Kernel->handle(Object(Illuminate/Http/Request))
#62 D:/merobiz-os/merobiz-os/api/public/index.php(17): Illuminate/Foundation/Application->handleRequest(Object(Illuminate/Http/Request))
#63 D:/merobiz-os/merobiz-os/api/vendor/laravel/framework/src/Illuminate/Foundation/resources/server.php(23): require_once('D://merobiz-os//m...')
#64 {main}
"} 
[2026-09-02 23:22:33] local.ERROR: include(D:\merobiz-os\merobiz-os\api\vendor\composer/../../app/Http/Resources/UserResource.php): Failed to open stream: No such file or directory {"userId":1,"exception":"[object] (ErrorException(code: 0): include(D:\\merobiz-os\\merobiz-os\\api\\vendor\\composer/../../app/Http/Resources/UserResource.php): Failed to open stream: No such file or directory at D:/merobiz-os/merobiz-os/api/vendor/composer/ClassLoader.php:576)
[stacktrace]
#0 D:/merobiz-os/merobiz-os/api/vendor/laravel/framework/src/Illuminate/Foundation/Bootstrap/HandleExceptions.php(263): Illuminate/Foundation/Bootstrap/HandleExceptions->handleError(2, 'include(D://mero...', 'D://merobiz-os//m...', 576)
#1 D:/merobiz-os/merobiz-os/api/vendor/composer/ClassLoader.php(576): Illuminate/Foundation/Bootstrap/HandleExceptions->Illuminate/Foundation/Bootstrap/{closure}(2, 'include(D://mero...', 'D://merobiz-os//m...', 576)
#2 D:/merobiz-os/merobiz-os/api/vendor/composer/ClassLoader.php(576): include('D://merobiz-os//m...')
#3 D:/merobiz-os/merobiz-os/api/vendor/composer/ClassLoader.php(427): Composer/Autoload/{closure}('D://merobiz-os//m...')
#4 D:/merobiz-os/merobiz-os/api/app/Http/Controllers/AuthController.php(61): Composer/Autoload/ClassLoader->loadClass('App//Http//Resour...')
#5 D:/merobiz-os/merobiz-os/api/vendor/laravel/framework/src/Illuminate/Routing/ControllerDispatcher.php(46): App/Http/Controllers/AuthController->me(Object(Illuminate/Http/Request))
#6 D:/merobiz-os/merobiz-os/api/vendor/laravel/framework/src/Illuminate/Routing/Route.php(276): Illuminate/Routing/ControllerDispatcher->dispatch(Object(Illuminate/Routing/Route), Object(App/Http/Controllers/AuthController), 'me')
#7 D:/merobiz-os/merobiz-os/api/vendor/laravel/framework/src/Illuminate/Routing/Route.php(216): Illuminate/Routing/Route->runController()
#8 D:/merobiz-os/merobiz-os/api/vendor/laravel/framework/src/Illuminate/Routing/Router.php(822): Illuminate/Routing/Route->run()
#9 D:/merobiz-os/merobiz-os/api/vendor/laravel/framework/src/Illuminate/Pipeline/Pipeline.php(180): Illuminate/Routing/Router->Illuminate/Routing/{closure}(Object(Illuminate/Http/Request))
#10 D:/merobiz-os/merobiz-os/api/vendor/laravel/framework/src/Illuminate/Routing/Middleware/SubstituteBindings.php(52): Illuminate/Pipeline/Pipeline->Illuminate/Pipeline/{closure}(Object(Illuminate/Http/Request))
#11 D:/merobiz-os/merobiz-os/api/vendor/laravel/framework/src/Illuminate/Pipeline/Pipeline.php(219): Illuminate/Routing/Middleware/SubstituteBindings->handle(Object(Illuminate/Http/Request), Object(Closure))
#12 D:/merobiz-os/merobiz-os/api/vendor/laravel/framework/src/Illuminate/Auth/Middleware/Authenticate.php(63): Illuminate/Pipeline/Pipeline->Illuminate/Pipeline/{closure}(Object(Illuminate/Http/Request))
#13 D:/merobiz-os/merobiz-os/api/vendor/laravel/framework/src/Illuminate/Pipeline/Pipeline.php(219): Illuminate/Auth/Middleware/Authenticate->handle(Object(Illuminate/Http/Request), Object(Closure), 'sanctum')
#14 D:/merobiz-os/merobiz-os/api/vendor/laravel/sanctum/src/Http/Middleware/EnsureFrontendRequestsAreStateful.php(26): Illuminate/Pipeline/Pipeline->Illuminate/Pipeline/{closure}(Object(Illuminate/Http/Request))
#15 D:/merobiz-os/merobiz-os/api/vendor/laravel/framework/src/Illuminate/Pipeline/Pipeline.php(180): Laravel/Sanctum/Http/Middleware/EnsureFrontendRequestsAreStateful->Laravel/Sanctum/Http/Middleware/{closure}(Object(Illuminate/Http/Request))
#16 D:/merobiz-os/merobiz-os/api/vendor/laravel/sanctum/src/Http/Middleware/AuthenticateSession.php(60): Illuminate/Pipeline/Pipeline->Illuminate/Pipeline/{closure}(Object(Illuminate/Http/Request))
#17 D:/merobiz-os/merobiz-os/api/vendor/laravel/framework/src/Illuminate/Pipeline/Pipeline.php(219): Laravel/Sanctum/Http/Middleware/AuthenticateSession->handle(Object(Illuminate/Http/Request), Object(Closure))
#18 D:/merobiz-os/merobiz-os/api/vendor/laravel/framework/src/Illuminate/Foundation/Http/Middleware/PreventRequestForgery.php(104): Illuminate/Pipeline/Pipeline->Illuminate/Pipeline/{closure}(Object(Illuminate/Http/Request))
#19 D:/merobiz-os/merobiz-os/api/vendor/laravel/framework/src/Illuminate/Pipeline/Pipeline.php(219): Illuminate/Foundation/Http/Middleware/PreventRequestForgery->handle(Object(Illuminate/Http/Request), Object(Closure))
#20 D:/merobiz-os/merobiz-os/api/vendor/laravel/framework/src/Illuminate/Session/Middleware/StartSession.php(120): Illuminate/Pipeline/Pipeline->Illuminate/Pipeline/{closure}(Object(Illuminate/Http/Request))
#21 D:/merobiz-os/merobiz-os/api/vendor/laravel/framework/src/Illuminate/Session/Middleware/StartSession.php(63): Illuminate/Session/Middleware/StartSession->handleStatefulRequest(Object(Illuminate/Http/Request), Object(Illuminate/Session/Store), Object(Closure))
#22 D:/merobiz-os/merobiz-os/api/vendor/laravel/framework/src/Illuminate/Pipeline/Pipeline.php(219): Illuminate/Session/Middleware/StartSession->handle(Object(Illuminate/Http/Request), Object(Closure))
#23 D:/merobiz-os/merobiz-os/api/vendor/laravel/framework/src/Illuminate/Cookie/Middleware/AddQueuedCookiesToResponse.php(36): Illuminate/Pipeline/Pipeline->Illuminate/Pipeline/{closure}(Object(Illuminate/Http/Request))
#24 D:/merobiz-os/merobiz-os/api/vendor/laravel/framework/src/Illuminate/Pipeline/Pipeline.php(219): Illuminate/Cookie/Middleware/AddQueuedCookiesToResponse->handle(Object(Illuminate/Http/Request), Object(Closure))
#25 D:/merobiz-os/merobiz-os/api/vendor/laravel/framework/src/Illuminate/Cookie/Middleware/EncryptCookies.php(74): Illuminate/Pipeline/Pipeline->Illuminate/Pipeline/{closure}(Object(Illuminate/Http/Request))
#26 D:/merobiz-os/merobiz-os/api/vendor/laravel/framework/src/Illuminate/Pipeline/Pipeline.php(219): Illuminate/Cookie/Middleware/EncryptCookies->handle(Object(Illuminate/Http/Request), Object(Closure))
#27 D:/merobiz-os/merobiz-os/api/vendor/laravel/sanctum/src/Http/Middleware/EnsureFrontendRequestsAreStateful.php(61): Illuminate/Pipeline/Pipeline->Illuminate/Pipeline/{closure}(Object(Illuminate/Http/Request))
#28 D:/merobiz-os/merobiz-os/api/vendor/laravel/framework/src/Illuminate/Pipeline/Pipeline.php(201): Laravel/Sanctum/Http/Middleware/EnsureFrontendRequestsAreStateful->Laravel/Sanctum/Http/Middleware/{closure}(Object(Illuminate/Http/Request), Object(Closure))
#29 D:/merobiz-os/merobiz-os/api/vendor/laravel/framework/src/Illuminate/Pipeline/Pipeline.php(137): Illuminate/Pipeline/Pipeline->Illuminate/Pipeline/{closure}(Object(Illuminate/Http/Request))
#30 D:/merobiz-os/merobiz-os/api/vendor/laravel/sanctum/src/Http/Middleware/EnsureFrontendRequestsAreStateful.php(25): Illuminate/Pipeline/Pipeline->then(Object(Closure))
#31 D:/merobiz-os/merobiz-os/api/vendor/laravel/framework/src/Illuminate/Pipeline/Pipeline.php(219): Laravel/Sanctum/Http/Middleware/EnsureFrontendRequestsAreStateful->handle(Object(Illuminate/Http/Request), Object(Closure))
#32 D:/merobiz-os/merobiz-os/api/vendor/laravel/framework/src/Illuminate/Pipeline/Pipeline.php(137): Illuminate/Pipeline/Pipeline->Illuminate/Pipeline/{closure}(Object(Illuminate/Http/Request))
#33 D:/merobiz-os/merobiz-os/api/vendor/laravel/framework/src/Illuminate/Routing/Router.php(821): Illuminate/Pipeline/Pipeline->then(Object(Closure))
#34 D:/merobiz-os/merobiz-os/api/vendor/laravel/framework/src/Illuminate/Routing/Router.php(800): Illuminate/Routing/Router->runRouteWithinStack(Object(Illuminate/Routing/Route), Object(Illuminate/Http/Request))
#35 D:/merobiz-os/merobiz-os/api/vendor/laravel/framework/src/Illuminate/Routing/Router.php(764): Illuminate/Routing/Router->runRoute(Object(Illuminate/Http/Request), Object(Illuminate/Routing/Route))
#36 D:/merobiz-os/merobiz-os/api/vendor/laravel/framework/src/Illuminate/Routing/Router.php(753): Illuminate/Routing/Router->dispatchToRoute(Object(Illuminate/Http/Request))
#37 D:/merobiz-os/merobiz-os/api/vendor/laravel/framework/src/Illuminate/Foundation/Http/Kernel.php(200): Illuminate/Routing/Router->dispatch(Object(Illuminate/Http/Request))
#38 D:/merobiz-os/merobiz-os/api/vendor/laravel/framework/src/Illuminate/Pipeline/Pipeline.php(180): Illuminate/Foundation/Http/Kernel->Illuminate/Foundation/Http/{closure}(Object(Illuminate/Http/Request))
#39 D:/merobiz-os/merobiz-os/api/vendor/laravel/framework/src/Illuminate/Foundation/Http/Middleware/TransformsRequest.php(21): Illuminate/Pipeline/Pipeline->Illuminate/Pipeline/{closure}(Object(Illuminate/Http/Request))
#40 D:/merobiz-os/merobiz-os/api/vendor/laravel/framework/src/Illuminate/Foundation/Http/Middleware/ConvertEmptyStringsToNull.php(31): Illuminate/Foundation/Http/Middleware/TransformsRequest->handle(Object(Illuminate/Http/Request), Object(Closure))
#41 D:/merobiz-os/merobiz-os/api/vendor/laravel/framework/src/Illuminate/Pipeline/Pipeline.php(219): Illuminate/Foundation/Http/Middleware/ConvertEmptyStringsToNull->handle(Object(Illuminate/Http/Request), Object(Closure))
#42 D:/merobiz-os/merobiz-os/api/vendor/laravel/framework/src/Illuminate/Foundation/Http/Middleware/TransformsRequest.php(21): Illuminate/Pipeline/Pipeline->Illuminate/Pipeline/{closure}(Object(Illuminate/Http/Request))
#43 D:/merobiz-os/merobiz-os/api/vendor/laravel/framework/src/Illuminate/Foundation/Http/Middleware/TrimStrings.php(51): Illuminate/Foundation/Http/Middleware/TransformsRequest->handle(Object(Illuminate/Http/Request), Object(Closure))
#44 D:/merobiz-os/merobiz-os/api/vendor/laravel/framework/src/Illuminate/Pipeline/Pipeline.php(219): Illuminate/Foundation/Http/Middleware/TrimStrings->handle(Object(Illuminate/Http/Request), Object(Closure))
#45 D:/merobiz-os/merobiz-os/api/vendor/laravel/framework/src/Illuminate/Http/Middleware/ValidatePostSize.php(27): Illuminate/Pipeline/Pipeline->Illuminate/Pipeline/{closure}(Object(Illuminate/Http/Request))
#46 D:/merobiz-os/merobiz-os/api/vendor/laravel/framework/src/Illuminate/Pipeline/Pipeline.php(219): Illuminate/Http/Middleware/ValidatePostSize->handle(Object(Illuminate/Http/Request), Object(Closure))
#47 D:/merobiz-os/merobiz-os/api/vendor/laravel/framework/src/Illuminate/Foundation/Http/Middleware/PreventRequestsDuringMaintenance.php(110): Illuminate/Pipeline/Pipeline->Illuminate/Pipeline/{closure}(Object(Illuminate/Http/Request))
#48 D:/merobiz-os/merobiz-os/api/vendor/laravel/framework/src/Illuminate/Pipeline/Pipeline.php(219): Illuminate/Foundation/Http/Middleware/PreventRequestsDuringMaintenance->handle(Object(Illuminate/Http/Request), Object(Closure))
#49 D:/merobiz-os/merobiz-os/api/vendor/laravel/framework/src/Illuminate/Http/Middleware/HandleCors.php(74): Illuminate/Pipeline/Pipeline->Illuminate/Pipeline/{closure}(Object(Illuminate/Http/Request))
#50 D:/merobiz-os/merobiz-os/api/vendor/laravel/framework/src/Illuminate/Pipeline/Pipeline.php(219): Illuminate/Http/Middleware/HandleCors->handle(Object(Illuminate/Http/Request), Object(Closure))
#51 D:/merobiz-os/merobiz-os/api/vendor/laravel/framework/src/Illuminate/Http/Middleware/TrustProxies.php(58): Illuminate/Pipeline/Pipeline->Illuminate/Pipeline/{closure}(Object(Illuminate/Http/Request))
#52 D:/merobiz-os/merobiz-os/api/vendor/laravel/framework/src/Illuminate/Pipeline/Pipeline.php(219): Illuminate/Http/Middleware/TrustProxies->handle(Object(Illuminate/Http/Request), Object(Closure))
#53 D:/merobiz-os/merobiz-os/api/vendor/laravel/framework/src/Illuminate/Foundation/Http/Middleware/InvokeDeferredCallbacks.php(22): Illuminate/Pipeline/Pipeline->Illuminate/Pipeline/{closure}(Object(Illuminate/Http/Request))
#54 D:/merobiz-os/merobiz-os/api/vendor/laravel/framework/src/Illuminate/Pipeline/Pipeline.php(219): Illuminate/Foundation/Http/Middleware/InvokeDeferredCallbacks->handle(Object(Illuminate/Http/Request), Object(Closure))
#55 D:/merobiz-os/merobiz-os/api/vendor/laravel/framework/src/Illuminate/Http/Middleware/ValidatePathEncoding.php(28): Illuminate/Pipeline/Pipeline->Illuminate/Pipeline/{closure}(Object(Illuminate/Http/Request))
#56 D:/merobiz-os/merobiz-os/api/vendor/laravel/framework/src/Illuminate/Pipeline/Pipeline.php(219): Illuminate/Http/Middleware/ValidatePathEncoding->handle(Object(Illuminate/Http/Request), Object(Closure))
#57 D:/merobiz-os/merobiz-os/api/vendor/laravel/framework/src/Illuminate/Pipeline/Pipeline.php(137): Illuminate/Pipeline/Pipeline->Illuminate/Pipeline/{closure}(Object(Illuminate/Http/Request))
#58 D:/merobiz-os/merobiz-os/api/vendor/laravel/framework/src/Illuminate/Foundation/Http/Kernel.php(175): Illuminate/Pipeline/Pipeline->then(Object(Closure))
#59 D:/merobiz-os/merobiz-os/api/vendor/laravel/framework/src/Illuminate/Foundation/Http/Kernel.php(144): Illuminate/Foundation/Http/Kernel->sendRequestThroughRouter(Object(Illuminate/Http/Request))
#60 D:/merobiz-os/merobiz-os/api/vendor/laravel/framework/src/Illuminate/Foundation/Application.php(1227): Illuminate/Foundation/Http/Kernel->handle(Object(Illuminate/Http/Request))
#61 D:/merobiz-os/merobiz-os/api/public/index.php(17): Illuminate/Foundation/Application->handleRequest(Object(Illuminate/Http/Request))
#62 D:/merobiz-os/merobiz-os/api/vendor/laravel/framework/src/Illuminate/Foundation/resources/server.php(23): require_once('D://merobiz-os//m...')
#63 {main}
"} 
[2026-09-02 23:22:40] local.ERROR: include(D:\merobiz-os\merobiz-os\api\vendor\composer/../../app/Http/Resources/UserResource.php): Failed to open stream: No such file or directory {"userId":1,"exception":"[object] (ErrorException(code: 0): include(D:\\merobiz-os\\merobiz-os\\api\\vendor\\composer/../../app/Http/Resources/UserResource.php): Failed to open stream: No such file or directory at D:/merobiz-os/merobiz-os/api/vendor/composer/ClassLoader.php:576)
[stacktrace]
#0 D:/merobiz-os/merobiz-os/api/vendor/laravel/framework/src/Illuminate/Foundation/Bootstrap/HandleExceptions.php(263): Illuminate/Foundation/Bootstrap/HandleExceptions->handleError(2, 'include(D://mero...', 'D://merobiz-os//m...', 576)
#1 D:/merobiz-os/merobiz-os/api/vendor/composer/ClassLoader.php(576): Illuminate/Foundation/Bootstrap/HandleExceptions->Illuminate/Foundation/Bootstrap/{closure}(2, 'include(D://mero...', 'D://merobiz-os//m...', 576)
#2 D:/merobiz-os/merobiz-os/api/vendor/composer/ClassLoader.php(576): include('D://merobiz-os//m...')
#3 D:/merobiz-os/merobiz-os/api/vendor/composer/ClassLoader.php(427): Composer/Autoload/{closure}('D://merobiz-os//m...')
#4 D:/merobiz-os/merobiz-os/api/app/Http/Controllers/AuthController.php(54): Composer/Autoload/ClassLoader->loadClass('App//Http//Resour...')
#5 D:/merobiz-os/merobiz-os/api/vendor/laravel/framework/src/Illuminate/Routing/ControllerDispatcher.php(46): App/Http/Controllers/AuthController->login(Object(App/Http/Requests/LoginRequest))
#6 D:/merobiz-os/merobiz-os/api/vendor/laravel/framework/src/Illuminate/Routing/Route.php(276): Illuminate/Routing/ControllerDispatcher->dispatch(Object(Illuminate/Routing/Route), Object(App/Http/Controllers/AuthController), 'login')
#7 D:/merobiz-os/merobiz-os/api/vendor/laravel/framework/src/Illuminate/Routing/Route.php(216): Illuminate/Routing/Route->runController()
#8 D:/merobiz-os/merobiz-os/api/vendor/laravel/framework/src/Illuminate/Routing/Router.php(822): Illuminate/Routing/Route->run()
#9 D:/merobiz-os/merobiz-os/api/vendor/laravel/framework/src/Illuminate/Pipeline/Pipeline.php(180): Illuminate/Routing/Router->Illuminate/Routing/{closure}(Object(Illuminate/Http/Request))
#10 D:/merobiz-os/merobiz-os/api/vendor/laravel/framework/src/Illuminate/Routing/Middleware/SubstituteBindings.php(52): Illuminate/Pipeline/Pipeline->Illuminate/Pipeline/{closure}(Object(Illuminate/Http/Request))
#11 D:/merobiz-os/merobiz-os/api/vendor/laravel/framework/src/Illuminate/Pipeline/Pipeline.php(219): Illuminate/Routing/Middleware/SubstituteBindings->handle(Object(Illuminate/Http/Request), Object(Closure))
#12 D:/merobiz-os/merobiz-os/api/vendor/laravel/framework/src/Illuminate/Routing/Middleware/ThrottleRequests.php(168): Illuminate/Pipeline/Pipeline->Illuminate/Pipeline/{closure}(Object(Illuminate/Http/Request))
#13 D:/merobiz-os/merobiz-os/api/vendor/laravel/framework/src/Illuminate/Routing/Middleware/ThrottleRequests.php(93): Illuminate/Routing/Middleware/ThrottleRequests->handleRequest(Object(Illuminate/Http/Request), Object(Closure), Array)
#14 D:/merobiz-os/merobiz-os/api/vendor/laravel/framework/src/Illuminate/Pipeline/Pipeline.php(219): Illuminate/Routing/Middleware/ThrottleRequests->handle(Object(Illuminate/Http/Request), Object(Closure), '10', '1')
#15 D:/merobiz-os/merobiz-os/api/vendor/laravel/sanctum/src/Http/Middleware/EnsureFrontendRequestsAreStateful.php(26): Illuminate/Pipeline/Pipeline->Illuminate/Pipeline/{closure}(Object(Illuminate/Http/Request))
#16 D:/merobiz-os/merobiz-os/api/vendor/laravel/framework/src/Illuminate/Pipeline/Pipeline.php(180): Laravel/Sanctum/Http/Middleware/EnsureFrontendRequestsAreStateful->Laravel/Sanctum/Http/Middleware/{closure}(Object(Illuminate/Http/Request))
#17 D:/merobiz-os/merobiz-os/api/vendor/laravel/sanctum/src/Http/Middleware/AuthenticateSession.php(60): Illuminate/Pipeline/Pipeline->Illuminate/Pipeline/{closure}(Object(Illuminate/Http/Request))
#18 D:/merobiz-os/merobiz-os/api/vendor/laravel/framework/src/Illuminate/Pipeline/Pipeline.php(219): Laravel/Sanctum/Http/Middleware/AuthenticateSession->handle(Object(Illuminate/Http/Request), Object(Closure))
#19 D:/merobiz-os/merobiz-os/api/vendor/laravel/framework/src/Illuminate/Foundation/Http/Middleware/PreventRequestForgery.php(104): Illuminate/Pipeline/Pipeline->Illuminate/Pipeline/{closure}(Object(Illuminate/Http/Request))
#20 D:/merobiz-os/merobiz-os/api/vendor/laravel/framework/src/Illuminate/Pipeline/Pipeline.php(219): Illuminate/Foundation/Http/Middleware/PreventRequestForgery->handle(Object(Illuminate/Http/Request), Object(Closure))
#21 D:/merobiz-os/merobiz-os/api/vendor/laravel/framework/src/Illuminate/Session/Middleware/StartSession.php(120): Illuminate/Pipeline/Pipeline->Illuminate/Pipeline/{closure}(Object(Illuminate/Http/Request))
#22 D:/merobiz-os/merobiz-os/api/vendor/laravel/framework/src/Illuminate/Session/Middleware/StartSession.php(63): Illuminate/Session/Middleware/StartSession->handleStatefulRequest(Object(Illuminate/Http/Request), Object(Illuminate/Session/Store), Object(Closure))
#23 D:/merobiz-os/merobiz-os/api/vendor/laravel/framework/src/Illuminate/Pipeline/Pipeline.php(219): Illuminate/Session/Middleware/StartSession->handle(Object(Illuminate/Http/Request), Object(Closure))
#24 D:/merobiz-os/merobiz-os/api/vendor/laravel/framework/src/Illuminate/Cookie/Middleware/AddQueuedCookiesToResponse.php(36): Illuminate/Pipeline/Pipeline->Illuminate/Pipeline/{closure}(Object(Illuminate/Http/Request))
#25 D:/merobiz-os/merobiz-os/api/vendor/laravel/framework/src/Illuminate/Pipeline/Pipeline.php(219): Illuminate/Cookie/Middleware/AddQueuedCookiesToResponse->handle(Object(Illuminate/Http/Request), Object(Closure))
#26 D:/merobiz-os/merobiz-os/api/vendor/laravel/framework/src/Illuminate/Cookie/Middleware/EncryptCookies.php(74): Illuminate/Pipeline/Pipeline->Illuminate/Pipeline/{closure}(Object(Illuminate/Http/Request))
#27 D:/merobiz-os/merobiz-os/api/vendor/laravel/framework/src/Illuminate/Pipeline/Pipeline.php(219): Illuminate/Cookie/Middleware/EncryptCookies->handle(Object(Illuminate/Http/Request), Object(Closure))
#28 D:/merobiz-os/merobiz-os/api/vendor/laravel/sanctum/src/Http/Middleware/EnsureFrontendRequestsAreStateful.php(61): Illuminate/Pipeline/Pipeline->Illuminate/Pipeline/{closure}(Object(Illuminate/Http/Request))
#29 D:/merobiz-os/merobiz-os/api/vendor/laravel/framework/src/Illuminate/Pipeline/Pipeline.php(201): Laravel/Sanctum/Http/Middleware/EnsureFrontendRequestsAreStateful->Laravel/Sanctum/Http/Middleware/{closure}(Object(Illuminate/Http/Request), Object(Closure))
#30 D:/merobiz-os/merobiz-os/api/vendor/laravel/framework/src/Illuminate/Pipeline/Pipeline.php(137): Illuminate/Pipeline/Pipeline->Illuminate/Pipeline/{closure}(Object(Illuminate/Http/Request))
#31 D:/merobiz-os/merobiz-os/api/vendor/laravel/sanctum/src/Http/Middleware/EnsureFrontendRequestsAreStateful.php(25): Illuminate/Pipeline/Pipeline->then(Object(Closure))
#32 D:/merobiz-os/merobiz-os/api/vendor/laravel/framework/src/Illuminate/Pipeline/Pipeline.php(219): Laravel/Sanctum/Http/Middleware/EnsureFrontendRequestsAreStateful->handle(Object(Illuminate/Http/Request), Object(Closure))
#33 D:/merobiz-os/merobiz-os/api/vendor/laravel/framework/src/Illuminate/Pipeline/Pipeline.php(137): Illuminate/Pipeline/Pipeline->Illuminate/Pipeline/{closure}(Object(Illuminate/Http/Request))
#34 D:/merobiz-os/merobiz-os/api/vendor/laravel/framework/src/Illuminate/Routing/Router.php(821): Illuminate/Pipeline/Pipeline->then(Object(Closure))
#35 D:/merobiz-os/merobiz-os/api/vendor/laravel/framework/src/Illuminate/Routing/Router.php(800): Illuminate/Routing/Router->runRouteWithinStack(Object(Illuminate/Routing/Route), Object(Illuminate/Http/Request))
#36 D:/merobiz-os/merobiz-os/api/vendor/laravel/framework/src/Illuminate/Routing/Router.php(764): Illuminate/Routing/Router->runRoute(Object(Illuminate/Http/Request), Object(Illuminate/Routing/Route))
#37 D:/merobiz-os/merobiz-os/api/vendor/laravel/framework/src/Illuminate/Routing/Router.php(753): Illuminate/Routing/Router->dispatchToRoute(Object(Illuminate/Http/Request))
#38 D:/merobiz-os/merobiz-os/api/vendor/laravel/framework/src/Illuminate/Foundation/Http/Kernel.php(200): Illuminate/Routing/Router->dispatch(Object(Illuminate/Http/Request))
#39 D:/merobiz-os/merobiz-os/api/vendor/laravel/framework/src/Illuminate/Pipeline/Pipeline.php(180): Illuminate/Foundation/Http/Kernel->Illuminate/Foundation/Http/{closure}(Object(Illuminate/Http/Request))
#40 D:/merobiz-os/merobiz-os/api/vendor/laravel/framework/src/Illuminate/Foundation/Http/Middleware/TransformsRequest.php(21): Illuminate/Pipeline/Pipeline->Illuminate/Pipeline/{closure}(Object(Illuminate/Http/Request))
#41 D:/merobiz-os/merobiz-os/api/vendor/laravel/framework/src/Illuminate/Foundation/Http/Middleware/ConvertEmptyStringsToNull.php(31): Illuminate/Foundation/Http/Middleware/TransformsRequest->handle(Object(Illuminate/Http/Request), Object(Closure))
#42 D:/merobiz-os/merobiz-os/api/vendor/laravel/framework/src/Illuminate/Pipeline/Pipeline.php(219): Illuminate/Foundation/Http/Middleware/ConvertEmptyStringsToNull->handle(Object(Illuminate/Http/Request), Object(Closure))
#43 D:/merobiz-os/merobiz-os/api/vendor/laravel/framework/src/Illuminate/Foundation/Http/Middleware/TransformsRequest.php(21): Illuminate/Pipeline/Pipeline->Illuminate/Pipeline/{closure}(Object(Illuminate/Http/Request))
#44 D:/merobiz-os/merobiz-os/api/vendor/laravel/framework/src/Illuminate/Foundation/Http/Middleware/TrimStrings.php(51): Illuminate/Foundation/Http/Middleware/TransformsRequest->handle(Object(Illuminate/Http/Request), Object(Closure))
#45 D:/merobiz-os/merobiz-os/api/vendor/laravel/framework/src/Illuminate/Pipeline/Pipeline.php(219): Illuminate/Foundation/Http/Middleware/TrimStrings->handle(Object(Illuminate/Http/Request), Object(Closure))
#46 D:/merobiz-os/merobiz-os/api/vendor/laravel/framework/src/Illuminate/Http/Middleware/ValidatePostSize.php(27): Illuminate/Pipeline/Pipeline->Illuminate/Pipeline/{closure}(Object(Illuminate/Http/Request))
#47 D:/merobiz-os/merobiz-os/api/vendor/laravel/framework/src/Illuminate/Pipeline/Pipeline.php(219): Illuminate/Http/Middleware/ValidatePostSize->handle(Object(Illuminate/Http/Request), Object(Closure))
#48 D:/merobiz-os/merobiz-os/api/vendor/laravel/framework/src/Illuminate/Foundation/Http/Middleware/PreventRequestsDuringMaintenance.php(110): Illuminate/Pipeline/Pipeline->Illuminate/Pipeline/{closure}(Object(Illuminate/Http/Request))
#49 D:/merobiz-os/merobiz-os/api/vendor/laravel/framework/src/Illuminate/Pipeline/Pipeline.php(219): Illuminate/Foundation/Http/Middleware/PreventRequestsDuringMaintenance->handle(Object(Illuminate/Http/Request), Object(Closure))
#50 D:/merobiz-os/merobiz-os/api/vendor/laravel/framework/src/Illuminate/Http/Middleware/HandleCors.php(74): Illuminate/Pipeline/Pipeline->Illuminate/Pipeline/{closure}(Object(Illuminate/Http/Request))
#51 D:/merobiz-os/merobiz-os/api/vendor/laravel/framework/src/Illuminate/Pipeline/Pipeline.php(219): Illuminate/Http/Middleware/HandleCors->handle(Object(Illuminate/Http/Request), Object(Closure))
#52 D:/merobiz-os/merobiz-os/api/vendor/laravel/framework/src/Illuminate/Http/Middleware/TrustProxies.php(58): Illuminate/Pipeline/Pipeline->Illuminate/Pipeline/{closure}(Object(Illuminate/Http/Request))
#53 D:/merobiz-os/merobiz-os/api/vendor/laravel/framework/src/Illuminate/Pipeline/Pipeline.php(219): Illuminate/Http/Middleware/TrustProxies->handle(Object(Illuminate/Http/Request), Object(Closure))
#54 D:/merobiz-os/merobiz-os/api/vendor/laravel/framework/src/Illuminate/Foundation/Http/Middleware/InvokeDeferredCallbacks.php(22): Illuminate/Pipeline/Pipeline->Illuminate/Pipeline/{closure}(Object(Illuminate/Http/Request))
#55 D:/merobiz-os/merobiz-os/api/vendor/laravel/framework/src/Illuminate/Pipeline/Pipeline.php(219): Illuminate/Foundation/Http/Middleware/InvokeDeferredCallbacks->handle(Object(Illuminate/Http/Request), Object(Closure))
#56 D:/merobiz-os/merobiz-os/api/vendor/laravel/framework/src/Illuminate/Http/Middleware/ValidatePathEncoding.php(28): Illuminate/Pipeline/Pipeline->Illuminate/Pipeline/{closure}(Object(Illuminate/Http/Request))
#57 D:/merobiz-os/merobiz-os/api/vendor/laravel/framework/src/Illuminate/Pipeline/Pipeline.php(219): Illuminate/Http/Middleware/ValidatePathEncoding->handle(Object(Illuminate/Http/Request), Object(Closure))
#58 D:/merobiz-os/merobiz-os/api/vendor/laravel/framework/src/Illuminate/Pipeline/Pipeline.php(137): Illuminate/Pipeline/Pipeline->Illuminate/Pipeline/{closure}(Object(Illuminate/Http/Request))
#59 D:/merobiz-os/merobiz-os/api/vendor/laravel/framework/src/Illuminate/Foundation/Http/Kernel.php(175): Illuminate/Pipeline/Pipeline->then(Object(Closure))
#60 D:/merobiz-os/merobiz-os/api/vendor/laravel/framework/src/Illuminate/Foundation/Http/Kernel.php(144): Illuminate/Foundation/Http/Kernel->sendRequestThroughRouter(Object(Illuminate/Http/Request))
#61 D:/merobiz-os/merobiz-os/api/vendor/laravel/framework/src/Illuminate/Foundation/Application.php(1227): Illuminate/Foundation/Http/Kernel->handle(Object(Illuminate/Http/Request))
#62 D:/merobiz-os/merobiz-os/api/public/index.php(17): Illuminate/Foundation/Application->handleRequest(Object(Illuminate/Http/Request))
#63 D:/merobiz-os/merobiz-os/api/vendor/laravel/framework/src/Illuminate/Foundation/resources/server.php(23): require_once('D://merobiz-os//m...')
#64 {main}
"} 
